dungeon_id,stage_index,mode,recommended_power,time_limit_sec,wave_count,boss_hp,reward1_item_id,reward1_key,reward1_unit,reward1_amount,reward2_item_id,reward2_key,reward2_unit,reward2_amount,reward3_item_id,reward3_key,reward3_unit,reward3_amount
treasure,1,CLEAR,1000,90,,,10,hero_exp,flat,1800,1,gold,flat,2200,3,diamond,flat,300
treasure,2,CLEAR,1140,90,,,10,hero_exp,flat,2088,1,gold,flat,2552,3,diamond,flat,314
treasure,3,CLEAR,1300,90,,,10,hero_exp,flat,2422,1,gold,flat,2960,3,diamond,flat,328
treasure,4,CLEAR,1482,90,,,10,hero_exp,flat,2810,1,gold,flat,3434,3,diamond,flat,342
treasure,5,CLEAR,1689,90,,,10,hero_exp,flat,3259,1,gold,flat,3983,3,diamond,flat,358
treasure,6,CLEAR,1925,90,,,10,hero_exp,flat,3781,1,gold,flat,4621,3,diamond,flat,374
treasure,7,CLEAR,2195,90,,,10,hero_exp,flat,4386,1,gold,flat,5360,3,diamond,flat,391
treasure,8,CLEAR,2502,90,,,10,hero_exp,flat,5087,1,gold,flat,6218,3,diamond,flat,408
treasure,9,CLEAR,2853,90,,,10,hero_exp,flat,5901,1,gold,flat,7213,3,diamond,flat,427
treasure,10,CLEAR,3252,90,,,10,hero_exp,flat,6845,1,gold,flat,8367,3,diamond,flat,446
treasure,11,CLEAR,3707,90,,,10,hero_exp,flat,7941,1,gold,flat,9705,3,diamond,flat,466
treasure,12,CLEAR,4226,90,,,10,hero_exp,flat,9211,1,gold,flat,11258,3,diamond,flat,487
treasure,13,CLEAR,4818,90,,,10,hero_exp,flat,10685,1,gold,flat,13059,3,diamond,flat,509
treasure,14,CLEAR,5492,90,,,10,hero_exp,flat,12394,1,gold,flat,15149,3,diamond,flat,532
treasure,15,CLEAR,6261,90,,,10,hero_exp,flat,14378,1,gold,flat,17573,3,diamond,flat,556
treasure,16,CLEAR,7138,90,,,10,hero_exp,flat,16678,1,gold,flat,20384,3,diamond,flat,581
treasure,17,CLEAR,8137,90,,,10,hero_exp,flat,19346,1,gold,flat,23646,3,diamond,flat,607
treasure,18,CLEAR,9276,90,,,10,hero_exp,flat,22442,1,gold,flat,27429,3,diamond,flat,634
treasure,19,CLEAR,10575,90,,,10,hero_exp,flat,26033,1,gold,flat,31818,3,diamond,flat,663
treasure,20,CLEAR,12056,90,,,10,hero_exp,flat,30198,1,gold,flat,36908,3,diamond,flat,692
treasure,21,CLEAR,13743,90,,,10,hero_exp,flat,35029,1,gold,flat,42814,3,diamond,flat,724
treasure,22,CLEAR,15668,90,,,10,hero_exp,flat,40634,1,gold,flat,49664,3,diamond,flat,756
treasure,23,CLEAR,17861,90,,,10,hero_exp,flat,47136,1,gold,flat,57610,3,diamond,flat,790
treasure,24,CLEAR,20362,90,,,10,hero_exp,flat,54677,1,gold,flat,66828,3,diamond,flat,826
treasure,25,CLEAR,23212,90,,,10,hero_exp,flat,63426,1,gold,flat,77520,3,diamond,flat,863
treasure,26,CLEAR,26462,90,,,10,hero_exp,flat,73574,1,gold,flat,89923,3,diamond,flat,902
treasure,27,CLEAR,30167,90,,,10,hero_exp,flat,85345,1,gold,flat,104311,3,diamond,flat,942
treasure,28,CLEAR,34390,90,,,10,hero_exp,flat,99001,1,gold,flat,121001,3,diamond,flat,985
treasure,29,CLEAR,39204,90,,,10,hero_exp,flat,114841,1,gold,flat,140361,3,diamond,flat,1029
treasure,30,CLEAR,44693,90,,,10,hero_exp,flat,133215,1,gold,flat,162819,3,diamond,flat,1075
treasure,31,CLEAR,50950,90,,,10,hero_exp,flat,154530,1,gold,flat,188870,3,diamond,flat,1124
treasure,32,CLEAR,58083,90,,,10,hero_exp,flat,179255,1,gold,flat,219089,3,diamond,flat,1174
treasure,33,CLEAR,66215,90,,,10,hero_exp,flat,207935,1,gold,flat,254143,3,diamond,flat,1227
treasure,34,CLEAR,75485,90,,,10,hero_exp,flat,241205,1,gold,flat,294806,3,diamond,flat,1282
treasure,35,CLEAR,86053,90,,,10,hero_exp,flat,279798,1,gold,flat,341975,3,diamond,flat,1340
treasure,36,CLEAR,98100,90,,,10,hero_exp,flat,324565,1,gold,flat,396691,3,diamond,flat,1400
treasure,37,CLEAR,111834,90,,,10,hero_exp,flat,376496,1,gold,flat,460162,3,diamond,flat,1463
treasure,38,CLEAR,127491,90,,,10,hero_exp,flat,436735,1,gold,flat,533787,3,diamond,flat,1529
treasure,39,CLEAR,145340,90,,,10,hero_exp,flat,506613,1,gold,flat,619193,3,diamond,flat,1598
treasure,40,CLEAR,165687,90,,,10,hero_exp,flat,587671,1,gold,flat,718264,3,diamond,flat,1670
treasure,41,CLEAR,188884,90,,,10,hero_exp,flat,681698,1,gold,flat,833187,3,diamond,flat,1745
treasure,42,CLEAR,215327,90,,,10,hero_exp,flat,790770,1,gold,flat,966496,3,diamond,flat,1823
treasure,43,CLEAR,245473,90,,,10,hero_exp,flat,917293,1,gold,flat,1121136,3,diamond,flat,1905
treasure,44,CLEAR,279839,90,,,10,hero_exp,flat,1064060,1,gold,flat,1300518,3,diamond,flat,1991
treasure,45,CLEAR,319017,90,,,10,hero_exp,flat,1234309,1,gold,flat,1508600,3,diamond,flat,2081
treasure,46,CLEAR,363679,90,,,10,hero_exp,flat,1431799,1,gold,flat,1749976,3,diamond,flat,2174
treasure,47,CLEAR,414594,90,,,10,hero_exp,flat,1660887,1,gold,flat,2029973,3,diamond,flat,2272
treasure,48,CLEAR,472637,90,,,10,hero_exp,flat,1926629,1,gold,flat,2354768,3,diamond,flat,2375
treasure,49,CLEAR,538807,90,,,10,hero_exp,flat,2234889,1,gold,flat,2731531,3,diamond,flat,2481
treasure,50,CLEAR,614239,90,,,10,hero_exp,flat,2592471,1,gold,flat,3168576,3,diamond,flat,2593
treasure,51,CLEAR,700233,90,,,10,hero_exp,flat,3007267,1,gold,flat,3675548,3,diamond,flat,2710
treasure,52,CLEAR,798266,90,,,10,hero_exp,flat,3488430,1,gold,flat,4263636,3,diamond,flat,2832
treasure,53,CLEAR,910023,90,,,10,hero_exp,flat,4046578,1,gold,flat,4945818,3,diamond,flat,2959
treasure,54,CLEAR,1037426,90,,,10,hero_exp,flat,4694031,1,gold,flat,5737149,3,diamond,flat,3092
treasure,55,CLEAR,1182666,90,,,10,hero_exp,flat,5445076,1,gold,flat,6655093,3,diamond,flat,3231
treasure,56,CLEAR,1348239,90,,,10,hero_exp,flat,6316288,1,gold,flat,7719907,3,diamond,flat,3377
treasure,57,CLEAR,1536992,90,,,10,hero_exp,flat,7326894,1,gold,flat,8955093,3,diamond,flat,3529
treasure,58,CLEAR,1752171,90,,,10,hero_exp,flat,8499197,1,gold,flat,10387907,3,diamond,flat,3688
treasure,59,CLEAR,1997475,90,,,10,hero_exp,flat,9859068,1,gold,flat,12049973,3,diamond,flat,3854
treasure,60,CLEAR,2277122,90,,,10,hero_exp,flat,11436519,1,gold,flat,13977968,3,diamond,flat,4027
treasure,61,CLEAR,2595919,90,,,10,hero_exp,flat,13266362,1,gold,flat,16214443,3,diamond,flat,4208
treasure,62,CLEAR,2959347,90,,,10,hero_exp,flat,15388980,1,gold,flat,18808754,3,diamond,flat,4398
treasure,63,CLEAR,3373656,90,,,10,hero_exp,flat,17851217,1,gold,flat,21818155,3,diamond,flat,4595
treasure,64,CLEAR,3845968,90,,,10,hero_exp,flat,20707412,1,gold,flat,25309059,3,diamond,flat,4802
treasure,65,CLEAR,4384403,90,,,10,hero_exp,flat,24020598,1,gold,flat,29358509,3,diamond,flat,5018
treasure,66,CLEAR,4998220,90,,,10,hero_exp,flat,27863894,1,gold,flat,34055870,3,diamond,flat,5244
treasure,67,CLEAR,5697970,90,,,10,hero_exp,flat,32322117,1,gold,flat,39504809,3,diamond,flat,5480
treasure,68,CLEAR,6495686,90,,,10,hero_exp,flat,37493655,1,gold,flat,45825579,3,diamond,flat,5727
treasure,69,CLEAR,7405082,90,,,10,hero_exp,flat,43492640,1,gold,flat,53157671,3,diamond,flat,5985
treasure,70,CLEAR,8441794,90,,,10,hero_exp,flat,50451463,1,gold,flat,61662899,3,diamond,flat,6254
treasure,71,CLEAR,9623645,90,,,10,hero_exp,flat,58523697,1,gold,flat,71528963,3,diamond,flat,6535
treasure,72,CLEAR,10970955,90,,,10,hero_exp,flat,67887488,1,gold,flat,82973597,3,diamond,flat,6829
treasure,73,CLEAR,12506889,90,,,10,hero_exp,flat,78749486,1,gold,flat,96249372,3,diamond,flat,7137
treasure,74,CLEAR,14257853,90,,,10,hero_exp,flat,91349404,1,gold,flat,111649272,3,diamond,flat,7458
treasure,75,CLEAR,16253953,90,,,10,hero_exp,flat,105965309,1,gold,flat,129513155,3,diamond,flat,7793
treasure,76,CLEAR,18529506,90,,,10,hero_exp,flat,122919758,1,gold,flat,150235260,3,diamond,flat,8144
treasure,77,CLEAR,21123637,90,,,10,hero_exp,flat,142586919,1,gold,flat,174272902,3,diamond,flat,8511
treasure,78,CLEAR,24080947,90,,,10,hero_exp,flat,165400827,1,gold,flat,202156566,3,diamond,flat,8894
treasure,79,CLEAR,27452279,90,,,10,hero_exp,flat,191864959,1,gold,flat,234501616,3,diamond,flat,9294
treasure,80,CLEAR,31295598,90,,,10,hero_exp,flat,222563352,1,gold,flat,272021875,3,diamond,flat,9712
treasure,81,CLEAR,35676982,90,,,10,hero_exp,flat,258173489,1,gold,flat,315545375,3,diamond,flat,10149
treasure,82,CLEAR,40671759,90,,,10,hero_exp,flat,299481247,1,gold,flat,366032635,3,diamond,flat,10606
treasure,83,CLEAR,46365806,90,,,10,hero_exp,flat,347398246,1,gold,flat,424597857,3,diamond,flat,11083
treasure,84,CLEAR,52857018,90,,,10,hero_exp,flat,402981966,1,gold,flat,492533514,3,diamond,flat,11582
treasure,85,CLEAR,60257001,90,,,10,hero_exp,flat,467459080,1,gold,flat,571338876,3,diamond,flat,12103
treasure,86,CLEAR,68692981,90,,,10,hero_exp,flat,542252533,1,gold,flat,662753096,3,diamond,flat,12648
treasure,87,CLEAR,78309998,90,,,10,hero_exp,flat,629012938,1,gold,flat,768793591,3,diamond,flat,13217
treasure,88,CLEAR,89273398,90,,,10,hero_exp,flat,729655008,1,gold,flat,891800566,3,diamond,flat,13811
treasure,89,CLEAR,101771674,90,,,10,hero_exp,flat,846399810,1,gold,flat,1034488656,3,diamond,flat,14433
treasure,90,CLEAR,116019708,90,,,10,hero_exp,flat,981823779,1,gold,flat,1200006841,3,diamond,flat,15082
treasure,91,CLEAR,132262467,90,,,10,hero_exp,flat,1138915584,1,gold,flat,1392007936,3,diamond,flat,15761
treasure,92,CLEAR,150779213,90,,,10,hero_exp,flat,1321142077,1,gold,flat,1614729206,3,diamond,flat,16470
treasure,93,CLEAR,171888303,90,,,10,hero_exp,flat,1532524810,1,gold,flat,1873085879,3,diamond,flat,17212
treasure,94,CLEAR,195952665,90,,,10,hero_exp,flat,1777728779,1,gold,flat,2172779619,3,diamond,flat,17986
treasure,95,CLEAR,223386038,90,,,10,hero_exp,flat,2062165384,1,gold,flat,2520424358,3,diamond,flat,18795
treasure,96,CLEAR,254660083,90,,,10,hero_exp,flat,2392111846,1,gold,flat,2923692256,3,diamond,flat,19641
treasure,97,CLEAR,290312495,90,,,10,hero_exp,flat,2774849741,1,gold,flat,3391483017,3,diamond,flat,20525
treasure,98,CLEAR,330956244,90,,,10,hero_exp,flat,3218825699,1,gold,flat,3934120299,3,diamond,flat,21449
treasure,99,CLEAR,377290119,90,,,10,hero_exp,flat,3733837811,1,gold,flat,4563579547,3,diamond,flat,22414
treasure,100,CLEAR,430110735,90,,,10,hero_exp,flat,4331251861,1,gold,flat,5293752275,3,diamond,flat,23423
treasure,101,CLEAR,490326238,90,,,10,hero_exp,flat,5024252159,1,gold,flat,6140752639,3,diamond,flat,24477
treasure,102,CLEAR,558971911,90,,,10,hero_exp,flat,5828132504,1,gold,flat,7123273061,3,diamond,flat,25578
treasure,103,CLEAR,637227979,90,,,10,hero_exp,flat,6760633705,1,gold,flat,8262996751,3,diamond,flat,26729
treasure,104,CLEAR,726439896,90,,,10,hero_exp,flat,7842335098,1,gold,flat,9585076231,3,diamond,flat,27932
treasure,105,CLEAR,828141482,90,,,10,hero_exp,flat,9097108713,1,gold,flat,11118688428,3,diamond,flat,29189
treasure,106,CLEAR,944081289,90,,,10,hero_exp,flat,10552646108,1,gold,flat,12897678576,3,diamond,flat,30502
treasure,107,CLEAR,1076252669,90,,,10,hero_exp,flat,12241069485,1,gold,flat,14961307148,3,diamond,flat,31875
treasure,108,CLEAR,1226928043,90,,,10,hero_exp,flat,14199640602,1,gold,flat,17355116292,3,diamond,flat,33309
treasure,109,CLEAR,1398697969,90,,,10,hero_exp,flat,16471583099,1,gold,flat,20131934898,3,diamond,flat,34808
treasure,110,CLEAR,1594515685,90,,,10,hero_exp,flat,19107036395,1,gold,flat,23353044482,3,diamond,flat,36374
treasure,111,CLEAR,1817747881,90,,,10,hero_exp,flat,22164162218,1,gold,flat,27089531599,3,diamond,flat,38011
treasure,112,CLEAR,2072232584,90,,,10,hero_exp,flat,25710428172,1,gold,flat,31423856655,3,diamond,flat,39722
treasure,113,CLEAR,2362345146,90,,,10,hero_exp,flat,29824096680,1,gold,flat,36451673720,3,diamond,flat,41509
treasure,114,CLEAR,2693073466,90,,,10,hero_exp,flat,34595952149,1,gold,flat,42283941515,3,diamond,flat,43377
treasure,115,CLEAR,3070103752,90,,,10,hero_exp,flat,40131304493,1,gold,flat,49049372158,3,diamond,flat,45329
treasure,116,CLEAR,3499918277,90,,,10,hero_exp,flat,46552313212,1,gold,flat,56897271703,3,diamond,flat,47369
treasure,117,CLEAR,3989906836,90,,,10,hero_exp,flat,54000683325,1,gold,flat,66000835175,3,diamond,flat,49501
treasure,118,CLEAR,4548493793,90,,,10,hero_exp,flat,62640792657,1,gold,flat,76560968804,3,diamond,flat,51728
treasure,119,CLEAR,5185282924,90,,,10,hero_exp,flat,72663319483,1,gold,flat,88810723812,3,diamond,flat,54056
treasure,120,CLEAR,5911222533,90,,,10,hero_exp,flat,84289450600,1,gold,flat,"1,03E+15",3,diamond,flat,56488
treasure,121,CLEAR,6738793688,90,,,10,hero_exp,flat,97775762696,1,gold,flat,"1,20E+16",3,diamond,flat,59030
treasure,122,CLEAR,7682224804,90,,,10,hero_exp,flat,"1,13E+15",1,gold,flat,"1,39E+16",3,diamond,flat,61687
treasure,123,CLEAR,8757736276,90,,,10,hero_exp,flat,"1,32E+16",1,gold,flat,"1,61E+16",3,diamond,flat,64463
treasure,124,CLEAR,9983819355,90,,,10,hero_exp,flat,"1,53E+16",1,gold,flat,"1,87E+16",3,diamond,flat,67364
treasure,125,CLEAR,11381554065,90,,,10,hero_exp,flat,"1,77E+16",1,gold,flat,"2,16E+16",3,diamond,flat,70395
treasure,126,CLEAR,12974971634,90,,,10,hero_exp,flat,"2,05E+16",1,gold,flat,"2,51E+16",3,diamond,flat,73563
treasure,127,CLEAR,14791467663,90,,,10,hero_exp,flat,"2,38E+16",1,gold,flat,"2,91E+16",3,diamond,flat,76873
treasure,128,CLEAR,16862273135,90,,,10,hero_exp,flat,"2,76E+16",1,gold,flat,"3,38E+16",3,diamond,flat,80332
treasure,129,CLEAR,19222991374,90,,,10,hero_exp,flat,"3,21E+15",1,gold,flat,"3,92E+16",3,diamond,flat,83947
treasure,130,CLEAR,21914210167,90,,,10,hero_exp,flat,"3,72E+16",1,gold,flat,"4,54E+16",3,diamond,flat,87725
treasure,131,CLEAR,24982199590,90,,,10,hero_exp,flat,"4,31E+16",1,gold,flat,"5,27E+16",3,diamond,flat,91672
treasure,132,CLEAR,28479707533,90,,,10,hero_exp,flat,"5,00E+16",1,gold,flat,"6,12E+16",3,diamond,flat,95798
treasure,133,CLEAR,32466866587,90,,,10,hero_exp,flat,"5,80E+14",1,gold,flat,"7,09E+16",3,diamond,flat,100109
treasure,134,CLEAR,37012227910,90,,,10,hero_exp,flat,"6,73E+16",1,gold,flat,"8,23E+16",3,diamond,flat,104614
treasure,135,CLEAR,42193939817,90,,,10,hero_exp,flat,"7,81E+16",1,gold,flat,"9,55E+16",3,diamond,flat,109321
treasure,136,CLEAR,48101091391,90,,,10,hero_exp,flat,"9,06E+16",1,gold,flat,"1,11E+17",3,diamond,flat,114241
treasure,137,CLEAR,54835244186,90,,,10,hero_exp,flat,"1,05E+17",1,gold,flat,"1,28E+17",3,diamond,flat,119381
treasure,138,CLEAR,62512178372,90,,,10,hero_exp,flat,"1,22E+17",1,gold,flat,"1,49E+17",3,diamond,flat,124754
treasure,139,CLEAR,71263883344,90,,,10,hero_exp,flat,"1,41E+17",1,gold,flat,"1,73E+17",3,diamond,flat,130367
treasure,140,CLEAR,81240827012,90,,,10,hero_exp,flat,"1,64E+17",1,gold,flat,"2,00E+17",3,diamond,flat,136234
treasure,141,CLEAR,92614542794,90,,,10,hero_exp,flat,"1,90E+17",1,gold,flat,"2,33E+17",3,diamond,flat,142365
treasure,142,CLEAR,"1,06E+16",90,,,10,hero_exp,flat,"2,21E+17",1,gold,flat,"2,70E+17",3,diamond,flat,148771
treasure,143,CLEAR,"1,20E+16",90,,,10,hero_exp,flat,"2,56E+16",1,gold,flat,"3,13E+17",3,diamond,flat,155466
treasure,144,CLEAR,"1,37E+16",90,,,10,hero_exp,flat,"2,97E+17",1,gold,flat,"3,63E+17",3,diamond,flat,162462
treasure,145,CLEAR,"1,56E+16",90,,,10,hero_exp,flat,"3,45E+17",1,gold,flat,"4,21E+17",3,diamond,flat,169772
treasure,146,CLEAR,"1,78E+16",90,,,10,hero_exp,flat,"4,00E+17",1,gold,flat,"4,88E+17",3,diamond,flat,177412
treasure,147,CLEAR,"2,03E+16",90,,,10,hero_exp,flat,"4,64E+17",1,gold,flat,"5,67E+17",3,diamond,flat,185396
treasure,148,CLEAR,"2,32E+16",90,,,10,hero_exp,flat,"5,38E+16",1,gold,flat,"6,57E+17",3,diamond,flat,193739
treasure,149,CLEAR,"2,64E+16",90,,,10,hero_exp,flat,"6,24E+17",1,gold,flat,"7,62E+17",3,diamond,flat,202457
treasure,150,CLEAR,"3,01E+16",90,,,10,hero_exp,flat,"7,24E+17",1,gold,flat,"8,84E+17",3,diamond,flat,211567
weapon,1,CLEAR,1000,90,,,43,weapon_ore,flat,80,44,weapon_gem,flat,80,45,weapon_essence,flat,20
weapon,2,CLEAR,1150,90,,,43,weapon_ore,flat,86,44,weapon_gem,flat,86,45,weapon_essence,flat,21
weapon,3,CLEAR,1323,90,,,43,weapon_ore,flat,92,44,weapon_gem,flat,92,45,weapon_essence,flat,22
weapon,4,CLEAR,1521,90,,,43,weapon_ore,flat,99,44,weapon_gem,flat,99,45,weapon_essence,flat,23
weapon,5,CLEAR,1749,90,,,43,weapon_ore,flat,107,44,weapon_gem,flat,107,45,weapon_essence,flat,24
weapon,6,CLEAR,2011,90,,,43,weapon_ore,flat,115,44,weapon_gem,flat,115,45,weapon_essence,flat,26
weapon,7,CLEAR,2313,90,,,43,weapon_ore,flat,123,44,weapon_gem,flat,123,45,weapon_essence,flat,27
weapon,8,CLEAR,2660,90,,,43,weapon_ore,flat,133,44,weapon_gem,flat,133,45,weapon_essence,flat,28
weapon,9,CLEAR,3059,90,,,43,weapon_ore,flat,143,44,weapon_gem,flat,143,45,weapon_essence,flat,30
weapon,10,CLEAR,3518,90,,,43,weapon_ore,flat,153,44,weapon_gem,flat,153,45,weapon_essence,flat,31
weapon,11,CLEAR,4046,90,,,43,weapon_ore,flat,165,44,weapon_gem,flat,165,45,weapon_essence,flat,33
weapon,12,CLEAR,4652,90,,,43,weapon_ore,flat,177,44,weapon_gem,flat,177,45,weapon_essence,flat,34
weapon,13,CLEAR,5350,90,,,43,weapon_ore,flat,191,44,weapon_gem,flat,191,45,weapon_essence,flat,36
weapon,14,CLEAR,6153,90,,,43,weapon_ore,flat,205,44,weapon_gem,flat,205,45,weapon_essence,flat,38
weapon,15,CLEAR,7076,90,,,43,weapon_ore,flat,220,44,weapon_gem,flat,220,45,weapon_essence,flat,40
weapon,16,CLEAR,8137,90,,,43,weapon_ore,flat,237,44,weapon_gem,flat,237,45,weapon_essence,flat,42
weapon,17,CLEAR,9358,90,,,43,weapon_ore,flat,254,44,weapon_gem,flat,254,45,weapon_essence,flat,44
weapon,18,CLEAR,10761,90,,,43,weapon_ore,flat,274,44,weapon_gem,flat,274,45,weapon_essence,flat,46
weapon,19,CLEAR,12375,90,,,43,weapon_ore,flat,294,44,weapon_gem,flat,294,45,weapon_essence,flat,48
weapon,20,CLEAR,14232,90,,,43,weapon_ore,flat,316,44,weapon_gem,flat,316,45,weapon_essence,flat,51
weapon,21,CLEAR,16367,90,,,43,weapon_ore,flat,340,44,weapon_gem,flat,340,45,weapon_essence,flat,53
weapon,22,CLEAR,18822,90,,,43,weapon_ore,flat,365,44,weapon_gem,flat,365,45,weapon_essence,flat,56
weapon,23,CLEAR,21645,90,,,43,weapon_ore,flat,393,44,weapon_gem,flat,393,45,weapon_essence,flat,59
weapon,24,CLEAR,24891,90,,,43,weapon_ore,flat,422,44,weapon_gem,flat,422,45,weapon_essence,flat,61
weapon,25,CLEAR,28625,90,,,43,weapon_ore,flat,454,44,weapon_gem,flat,454,45,weapon_essence,flat,65
weapon,26,CLEAR,32919,90,,,43,weapon_ore,flat,488,44,weapon_gem,flat,488,45,weapon_essence,flat,68
weapon,27,CLEAR,37857,90,,,43,weapon_ore,flat,524,44,weapon_gem,flat,524,45,weapon_essence,flat,71
weapon,28,CLEAR,43535,90,,,43,weapon_ore,flat,564,44,weapon_gem,flat,564,45,weapon_essence,flat,75
weapon,29,CLEAR,50066,90,,,43,weapon_ore,flat,606,44,weapon_gem,flat,606,45,weapon_essence,flat,78
weapon,30,CLEAR,57575,90,,,43,weapon_ore,flat,652,44,weapon_gem,flat,652,45,weapon_essence,flat,82
weapon,31,CLEAR,66212,90,,,43,weapon_ore,flat,700,44,weapon_gem,flat,700,45,weapon_essence,flat,86
weapon,32,CLEAR,76144,90,,,43,weapon_ore,flat,753,44,weapon_gem,flat,753,45,weapon_essence,flat,91
weapon,33,CLEAR,87565,90,,,43,weapon_ore,flat,809,44,weapon_gem,flat,809,45,weapon_essence,flat,95
weapon,34,CLEAR,100700,90,,,43,weapon_ore,flat,870,44,weapon_gem,flat,870,45,weapon_essence,flat,100
weapon,35,CLEAR,115805,90,,,43,weapon_ore,flat,935,44,weapon_gem,flat,935,45,weapon_essence,flat,105
weapon,36,CLEAR,133176,90,,,43,weapon_ore,flat,1006,44,weapon_gem,flat,1006,45,weapon_essence,flat,110
weapon,37,CLEAR,153152,90,,,43,weapon_ore,flat,1081,44,weapon_gem,flat,1081,45,weapon_essence,flat,116
weapon,38,CLEAR,176125,90,,,43,weapon_ore,flat,1162,44,weapon_gem,flat,1162,45,weapon_essence,flat,122
weapon,39,CLEAR,202543,90,,,43,weapon_ore,flat,1249,44,weapon_gem,flat,1249,45,weapon_essence,flat,128
weapon,40,CLEAR,232925,90,,,43,weapon_ore,flat,1343,44,weapon_gem,flat,1343,45,weapon_essence,flat,134
weapon,41,CLEAR,267864,90,,,43,weapon_ore,flat,1444,44,weapon_gem,flat,1444,45,weapon_essence,flat,141
weapon,42,CLEAR,308043,90,,,43,weapon_ore,flat,1552,44,weapon_gem,flat,1552,45,weapon_essence,flat,148
weapon,43,CLEAR,354250,90,,,43,weapon_ore,flat,1668,44,weapon_gem,flat,1668,45,weapon_essence,flat,155
weapon,44,CLEAR,407387,90,,,43,weapon_ore,flat,1793,44,weapon_gem,flat,1793,45,weapon_essence,flat,163
weapon,45,CLEAR,468495,90,,,43,weapon_ore,flat,1928,44,weapon_gem,flat,1928,45,weapon_essence,flat,171
weapon,46,CLEAR,538769,90,,,43,weapon_ore,flat,2072,44,weapon_gem,flat,2072,45,weapon_essence,flat,180
weapon,47,CLEAR,619585,90,,,43,weapon_ore,flat,2228,44,weapon_gem,flat,2228,45,weapon_essence,flat,189
weapon,48,CLEAR,712522,90,,,43,weapon_ore,flat,2395,44,weapon_gem,flat,2395,45,weapon_essence,flat,198
weapon,49,CLEAR,819401,90,,,43,weapon_ore,flat,2575,44,weapon_gem,flat,2575,45,weapon_essence,flat,208
weapon,50,CLEAR,942311,90,,,43,weapon_ore,flat,2768,44,weapon_gem,flat,2768,45,weapon_essence,flat,218
weapon,51,CLEAR,1083657,90,,,43,weapon_ore,flat,2975,44,weapon_gem,flat,2975,45,weapon_essence,flat,229
weapon,52,CLEAR,1246206,90,,,43,weapon_ore,flat,3198,44,weapon_gem,flat,3198,45,weapon_essence,flat,241
weapon,53,CLEAR,1433137,90,,,43,weapon_ore,flat,3438,44,weapon_gem,flat,3438,45,weapon_essence,flat,253
weapon,54,CLEAR,1648108,90,,,43,weapon_ore,flat,3696,44,weapon_gem,flat,3696,45,weapon_essence,flat,265
weapon,55,CLEAR,1895324,90,,,43,weapon_ore,flat,3973,44,weapon_gem,flat,3973,45,weapon_essence,flat,279
weapon,56,CLEAR,2179622,90,,,43,weapon_ore,flat,4271,44,weapon_gem,flat,4271,45,weapon_essence,flat,293
weapon,57,CLEAR,2506566,90,,,43,weapon_ore,flat,4592,44,weapon_gem,flat,4592,45,weapon_essence,flat,307
weapon,58,CLEAR,2882550,90,,,43,weapon_ore,flat,4936,44,weapon_gem,flat,4936,45,weapon_essence,flat,323
weapon,59,CLEAR,3314933,90,,,43,weapon_ore,flat,5306,44,weapon_gem,flat,5306,45,weapon_essence,flat,339
weapon,60,CLEAR,3812173,90,,,43,weapon_ore,flat,5704,44,weapon_gem,flat,5704,45,weapon_essence,flat,356
weapon,61,CLEAR,4383999,90,,,43,weapon_ore,flat,6132,44,weapon_gem,flat,6132,45,weapon_essence,flat,374
weapon,62,CLEAR,5041599,90,,,43,weapon_ore,flat,6592,44,weapon_gem,flat,6592,45,weapon_essence,flat,392
weapon,63,CLEAR,5797838,90,,,43,weapon_ore,flat,7086,44,weapon_gem,flat,7086,45,weapon_essence,flat,412
weapon,64,CLEAR,6667514,90,,,43,weapon_ore,flat,7618,44,weapon_gem,flat,7618,45,weapon_essence,flat,432
weapon,65,CLEAR,7667641,90,,,43,weapon_ore,flat,8189,44,weapon_gem,flat,8189,45,weapon_essence,flat,454
weapon,66,CLEAR,8817787,90,,,43,weapon_ore,flat,8803,44,weapon_gem,flat,8803,45,weapon_essence,flat,477
weapon,67,CLEAR,10140455,90,,,43,weapon_ore,flat,9463,44,weapon_gem,flat,9463,45,weapon_essence,flat,501
weapon,68,CLEAR,11661524,90,,,43,weapon_ore,flat,10173,44,weapon_gem,flat,10173,45,weapon_essence,flat,526
weapon,69,CLEAR,13410752,90,,,43,weapon_ore,flat,10936,44,weapon_gem,flat,10936,45,weapon_essence,flat,552
weapon,70,CLEAR,15422365,90,,,43,weapon_ore,flat,11756,44,weapon_gem,flat,11756,45,weapon_essence,flat,580
weapon,71,CLEAR,17735720,90,,,43,weapon_ore,flat,12638,44,weapon_gem,flat,12638,45,weapon_essence,flat,609
weapon,72,CLEAR,20396078,90,,,43,weapon_ore,flat,13586,44,weapon_gem,flat,13586,45,weapon_essence,flat,639
weapon,73,CLEAR,23455490,90,,,43,weapon_ore,flat,14605,44,weapon_gem,flat,14605,45,weapon_essence,flat,671
weapon,74,CLEAR,26973813,90,,,43,weapon_ore,flat,15700,44,weapon_gem,flat,15700,45,weapon_essence,flat,704
weapon,75,CLEAR,31019885,90,,,43,weapon_ore,flat,16878,44,weapon_gem,flat,16878,45,weapon_essence,flat,740
weapon,76,CLEAR,35672868,90,,,43,weapon_ore,flat,18144,44,weapon_gem,flat,18144,45,weapon_essence,flat,777
weapon,77,CLEAR,41023798,90,,,43,weapon_ore,flat,19504,44,weapon_gem,flat,19504,45,weapon_essence,flat,815
weapon,78,CLEAR,47177368,90,,,43,weapon_ore,flat,20967,44,weapon_gem,flat,20967,45,weapon_essence,flat,856
weapon,79,CLEAR,54253973,90,,,43,weapon_ore,flat,22540,44,weapon_gem,flat,22540,45,weapon_essence,flat,899
weapon,80,CLEAR,62392069,90,,,43,weapon_ore,flat,24230,44,weapon_gem,flat,24230,45,weapon_essence,flat,944
weapon,81,CLEAR,71750879,90,,,43,weapon_ore,flat,26048,44,weapon_gem,flat,26048,45,weapon_essence,flat,991
weapon,82,CLEAR,82513511,90,,,43,weapon_ore,flat,28001,44,weapon_gem,flat,28001,45,weapon_essence,flat,1041
weapon,83,CLEAR,94890538,90,,,43,weapon_ore,flat,30101,44,weapon_gem,flat,30101,45,weapon_essence,flat,1093
weapon,84,CLEAR,109124119,90,,,43,weapon_ore,flat,32359,44,weapon_gem,flat,32359,45,weapon_essence,flat,1147
weapon,85,CLEAR,125492737,90,,,43,weapon_ore,flat,34786,44,weapon_gem,flat,34786,45,weapon_essence,flat,1205
weapon,86,CLEAR,144316647,90,,,43,weapon_ore,flat,37395,44,weapon_gem,flat,37395,45,weapon_essence,flat,1265
weapon,87,CLEAR,165964144,90,,,43,weapon_ore,flat,40199,44,weapon_gem,flat,40199,45,weapon_essence,flat,1328
weapon,88,CLEAR,190858766,90,,,43,weapon_ore,flat,43214,44,weapon_gem,flat,43214,45,weapon_essence,flat,1395
weapon,89,CLEAR,219487580,90,,,43,weapon_ore,flat,46455,44,weapon_gem,flat,46455,45,weapon_essence,flat,1464
weapon,90,CLEAR,252410718,90,,,43,weapon_ore,flat,49939,44,weapon_gem,flat,49939,45,weapon_essence,flat,1538
weapon,91,CLEAR,290272325,90,,,43,weapon_ore,flat,53685,44,weapon_gem,flat,53685,45,weapon_essence,flat,1615
weapon,92,CLEAR,333813174,90,,,43,weapon_ore,flat,57711,44,weapon_gem,flat,57711,45,weapon_essence,flat,1695
weapon,93,CLEAR,383885150,90,,,43,weapon_ore,flat,62040,44,weapon_gem,flat,62040,45,weapon_essence,flat,1780
weapon,94,CLEAR,441467923,90,,,43,weapon_ore,flat,66693,44,weapon_gem,flat,66693,45,weapon_essence,flat,1869
weapon,95,CLEAR,507688111,90,,,43,weapon_ore,flat,71694,44,weapon_gem,flat,71694,45,weapon_essence,flat,1963
weapon,96,CLEAR,583841328,90,,,43,weapon_ore,flat,77072,44,weapon_gem,flat,77072,45,weapon_essence,flat,2061
weapon,97,CLEAR,671417527,90,,,43,weapon_ore,flat,82852,44,weapon_gem,flat,82852,45,weapon_essence,flat,2164
weapon,98,CLEAR,772130156,90,,,43,weapon_ore,flat,89066,44,weapon_gem,flat,89066,45,weapon_essence,flat,2272
weapon,99,CLEAR,887949679,90,,,43,weapon_ore,flat,95746,44,weapon_gem,flat,95746,45,weapon_essence,flat,2386
weapon,100,CLEAR,1021142131,90,,,43,weapon_ore,flat,102927,44,weapon_gem,flat,102927,45,weapon_essence,flat,2505
weapon,101,CLEAR,1174313451,90,,,43,weapon_ore,flat,110646,44,weapon_gem,flat,110646,45,weapon_essence,flat,2630
weapon,102,CLEAR,1350460468,90,,,43,weapon_ore,flat,118945,44,weapon_gem,flat,118945,45,weapon_essence,flat,2762
weapon,103,CLEAR,1553029539,90,,,43,weapon_ore,flat,127865,44,weapon_gem,flat,127865,45,weapon_essence,flat,2900
weapon,104,CLEAR,1785983969,90,,,43,weapon_ore,flat,137455,44,weapon_gem,flat,137455,45,weapon_essence,flat,3045
weapon,105,CLEAR,2053881565,90,,,43,weapon_ore,flat,147765,44,weapon_gem,flat,147765,45,weapon_essence,flat,3197
weapon,106,CLEAR,2361963799,90,,,43,weapon_ore,flat,158847,44,weapon_gem,flat,158847,45,weapon_essence,flat,3357
weapon,107,CLEAR,2716258369,90,,,43,weapon_ore,flat,170760,44,weapon_gem,flat,170760,45,weapon_essence,flat,3524
weapon,108,CLEAR,3123697125,90,,,43,weapon_ore,flat,183567,44,weapon_gem,flat,183567,45,weapon_essence,flat,3701
weapon,109,CLEAR,3592251693,90,,,43,weapon_ore,flat,197335,44,weapon_gem,flat,197335,45,weapon_essence,flat,3886
weapon,110,CLEAR,4131089448,90,,,43,weapon_ore,flat,212135,44,weapon_gem,flat,212135,45,weapon_essence,flat,4080
weapon,111,CLEAR,4750752865,90,,,43,weapon_ore,flat,228045,44,weapon_gem,flat,228045,45,weapon_essence,flat,4284
weapon,112,CLEAR,5463365794,90,,,43,weapon_ore,flat,245149,44,weapon_gem,flat,245149,45,weapon_essence,flat,4498
weapon,113,CLEAR,6282870663,90,,,43,weapon_ore,flat,263535,44,weapon_gem,flat,263535,45,weapon_essence,flat,4723
weapon,114,CLEAR,7225301263,90,,,43,weapon_ore,flat,283300,44,weapon_gem,flat,283300,45,weapon_essence,flat,4959
weapon,115,CLEAR,8309096452,90,,,43,weapon_ore,flat,304547,44,weapon_gem,flat,304547,45,weapon_essence,flat,5207
weapon,116,CLEAR,9555460920,90,,,43,weapon_ore,flat,327388,44,weapon_gem,flat,327388,45,weapon_essence,flat,5468
weapon,117,CLEAR,10988780058,90,,,43,weapon_ore,flat,351943,44,weapon_gem,flat,351943,45,weapon_essence,flat,5741
weapon,118,CLEAR,12637097067,90,,,43,weapon_ore,flat,378338,44,weapon_gem,flat,378338,45,weapon_essence,flat,6028
weapon,119,CLEAR,14532661627,90,,,43,weapon_ore,flat,406714,44,weapon_gem,flat,406714,45,weapon_essence,flat,6329
weapon,120,CLEAR,16712560871,90,,,43,weapon_ore,flat,437217,44,weapon_gem,flat,437217,45,weapon_essence,flat,6646
weapon,121,CLEAR,19219445002,90,,,43,weapon_ore,flat,470008,44,weapon_gem,flat,470008,45,weapon_essence,flat,6978
weapon,122,CLEAR,22102361752,90,,,43,weapon_ore,flat,505259,44,weapon_gem,flat,505259,45,weapon_essence,flat,7327
weapon,123,CLEAR,25417716015,90,,,43,weapon_ore,flat,543154,44,weapon_gem,flat,543154,45,weapon_essence,flat,7694
weapon,124,CLEAR,29230373417,90,,,43,weapon_ore,flat,583890,44,weapon_gem,flat,583890,45,weapon_essence,flat,8078
weapon,125,CLEAR,33614929430,90,,,43,weapon_ore,flat,627682,44,weapon_gem,flat,627682,45,weapon_essence,flat,8482
weapon,126,CLEAR,38657168844,90,,,43,weapon_ore,flat,674758,44,weapon_gem,flat,674758,45,weapon_essence,flat,8906
weapon,127,CLEAR,44455744171,90,,,43,weapon_ore,flat,725365,44,weapon_gem,flat,725365,45,weapon_essence,flat,9352
weapon,128,CLEAR,51124105797,90,,,43,weapon_ore,flat,779767,44,weapon_gem,flat,779767,45,weapon_essence,flat,9819
weapon,129,CLEAR,58792721666,90,,,43,weapon_ore,flat,838250,44,weapon_gem,flat,838250,45,weapon_essence,flat,10310
weapon,130,CLEAR,67611629916,90,,,43,weapon_ore,flat,901118,44,weapon_gem,flat,901118,45,weapon_essence,flat,10826
weapon,131,CLEAR,77753374404,90,,,43,weapon_ore,flat,968702,44,weapon_gem,flat,968702,45,weapon_essence,flat,11367
weapon,132,CLEAR,89416380564,90,,,43,weapon_ore,flat,1041355,44,weapon_gem,flat,1041355,45,weapon_essence,flat,11935
weapon,133,CLEAR,"1,03E+16",90,,,43,weapon_ore,flat,1119457,44,weapon_gem,flat,1119457,45,weapon_essence,flat,12532
weapon,134,CLEAR,"1,18E+16",90,,,43,weapon_ore,flat,1203416,44,weapon_gem,flat,1203416,45,weapon_essence,flat,13159
weapon,135,CLEAR,"1,36E+16",90,,,43,weapon_ore,flat,1293672,44,weapon_gem,flat,1293672,45,weapon_essence,flat,13816
weapon,136,CLEAR,"1,56E+15",90,,,43,weapon_ore,flat,1390697,44,weapon_gem,flat,1390697,45,weapon_essence,flat,14507
weapon,137,CLEAR,"1,80E+16",90,,,43,weapon_ore,flat,1495000,44,weapon_gem,flat,1495000,45,weapon_essence,flat,15233
weapon,138,CLEAR,"2,07E+16",90,,,43,weapon_ore,flat,1607125,44,weapon_gem,flat,1607125,45,weapon_essence,flat,15994
weapon,139,CLEAR,"2,38E+16",90,,,43,weapon_ore,flat,1727659,44,weapon_gem,flat,1727659,45,weapon_essence,flat,16794
weapon,140,CLEAR,"2,74E+16",90,,,43,weapon_ore,flat,1857234,44,weapon_gem,flat,1857234,45,weapon_essence,flat,17634
weapon,141,CLEAR,"3,15E+16",90,,,43,weapon_ore,flat,1996526,44,weapon_gem,flat,1996526,45,weapon_essence,flat,18515
weapon,142,CLEAR,"3,62E+16",90,,,43,weapon_ore,flat,2146266,44,weapon_gem,flat,2146266,45,weapon_essence,flat,19441
weapon,143,CLEAR,4.16E+11,90,,,43,weapon_ore,flat,2307235,44,weapon_gem,flat,2307235,45,weapon_essence,flat,20413
weapon,144,CLEAR,"4,78E+14",90,,,43,weapon_ore,flat,2480278,44,weapon_gem,flat,2480278,45,weapon_essence,flat,21434
weapon,145,CLEAR,"5,50E+15",90,,,43,weapon_ore,flat,2666299,44,weapon_gem,flat,2666299,45,weapon_essence,flat,22506
weapon,146,CLEAR,"6,33E+16",90,,,43,weapon_ore,flat,2866271,44,weapon_gem,flat,2866271,45,weapon_essence,flat,23631
weapon,147,CLEAR,"7,28E+16",90,,,43,weapon_ore,flat,3081242,44,weapon_gem,flat,3081242,45,weapon_essence,flat,24812
weapon,148,CLEAR,"8,37E+16",90,,,43,weapon_ore,flat,3312335,44,weapon_gem,flat,3312335,45,weapon_essence,flat,26053
weapon,149,CLEAR,"9,62E+16",90,,,43,weapon_ore,flat,3560760,44,weapon_gem,flat,3560760,45,weapon_essence,flat,27356
weapon,150,CLEAR,"1,11E+17",90,,,43,weapon_ore,flat,3827817,44,weapon_gem,flat,3827817,45,weapon_essence,flat,28723
relic,1,DEFENSE,1000,120,5,,32,relic_fragment,flat,120,,,,,,,,
relic,2,DEFENSE,1160,120,5,,32,relic_fragment,flat,127,,,,,,,,
relic,3,DEFENSE,1346,120,5,,32,relic_fragment,flat,135,,,,,,,,
relic,4,DEFENSE,1561,120,5,,32,relic_fragment,flat,143,,,,,,,,
relic,5,DEFENSE,1811,120,6,,32,relic_fragment,flat,151,,,,,,,,
relic,6,DEFENSE,2100,120,6,,32,relic_fragment,flat,161,,,,,,,,
relic,7,DEFENSE,2436,120,6,,32,relic_fragment,flat,170,,,,,,,,
relic,8,DEFENSE,2826,120,6,,32,relic_fragment,flat,180,,,,,,,,
relic,9,DEFENSE,3278,120,6,,32,relic_fragment,flat,191,,,,,,,,
relic,10,DEFENSE,3803,120,6,,32,relic_fragment,flat,203,,,,,,,,
relic,11,DEFENSE,4411,120,6,,32,relic_fragment,flat,215,,,,,,,,
relic,12,DEFENSE,5117,120,6,,32,relic_fragment,flat,228,,,,,,,,
relic,13,DEFENSE,5936,120,6,,32,relic_fragment,flat,241,,,,,,,,
relic,14,DEFENSE,6886,120,6,,32,relic_fragment,flat,256,,,,,,,,
relic,15,DEFENSE,7988,120,7,,32,relic_fragment,flat,271,,,,,,,,
relic,16,DEFENSE,9266,120,7,,32,relic_fragment,flat,288,,,,,,,,
relic,17,DEFENSE,10748,120,7,,32,relic_fragment,flat,305,,,,,,,,
relic,18,DEFENSE,12468,120,7,,32,relic_fragment,flat,323,,,,,,,,
relic,19,DEFENSE,14463,120,7,,32,relic_fragment,flat,343,,,,,,,,
relic,20,DEFENSE,16777,120,7,,32,relic_fragment,flat,363,,,,,,,,
relic,21,DEFENSE,19461,120,7,,32,relic_fragment,flat,385,,,,,,,,
relic,22,DEFENSE,22574,120,7,,32,relic_fragment,flat,408,,,,,,,,
relic,23,DEFENSE,26186,120,7,,32,relic_fragment,flat,432,,,,,,,,
relic,24,DEFENSE,30376,120,7,,32,relic_fragment,flat,458,,,,,,,,
relic,25,DEFENSE,35236,120,8,,32,relic_fragment,flat,486,,,,,,,,
relic,26,DEFENSE,40874,120,8,,32,relic_fragment,flat,515,,,,,,,,
relic,27,DEFENSE,47414,120,8,,32,relic_fragment,flat,546,,,,,,,,
relic,28,DEFENSE,55000,120,8,,32,relic_fragment,flat,579,,,,,,,,
relic,29,DEFENSE,63800,120,8,,32,relic_fragment,flat,613,,,,,,,,
relic,30,DEFENSE,74009,120,8,,32,relic_fragment,flat,650,,,,,,,,
relic,31,DEFENSE,85850,120,8,,32,relic_fragment,flat,689,,,,,,,,
relic,32,DEFENSE,99586,120,8,,32,relic_fragment,flat,731,,,,,,,,
relic,33,DEFENSE,115520,120,8,,32,relic_fragment,flat,774,,,,,,,,
relic,34,DEFENSE,134003,120,8,,32,relic_fragment,flat,821,,,,,,,,
relic,35,DEFENSE,155443,120,9,,32,relic_fragment,flat,870,,,,,,,,
relic,36,DEFENSE,180314,120,9,,32,relic_fragment,flat,922,,,,,,,,
relic,37,DEFENSE,209164,120,9,,32,relic_fragment,flat,978,,,,,,,,
relic,38,DEFENSE,242631,120,9,,32,relic_fragment,flat,1036,,,,,,,,
relic,39,DEFENSE,281452,120,9,,32,relic_fragment,flat,1099,,,,,,,,
relic,40,DEFENSE,326484,120,9,,32,relic_fragment,flat,1164,,,,,,,,
relic,41,DEFENSE,378721,120,9,,32,relic_fragment,flat,1234,,,,,,,,
relic,42,DEFENSE,439317,120,9,,32,relic_fragment,flat,1308,,,,,,,,
relic,43,DEFENSE,509607,120,9,,32,relic_fragment,flat,1387,,,,,,,,
relic,44,DEFENSE,591144,120,9,,32,relic_fragment,flat,1470,,,,,,,,
relic,45,DEFENSE,685727,120,10,,32,relic_fragment,flat,1558,,,,,,,,
relic,46,DEFENSE,795444,120,10,,32,relic_fragment,flat,1652,,,,,,,,
relic,47,DEFENSE,922715,120,10,,32,relic_fragment,flat,1751,,,,,,,,
relic,48,DEFENSE,1070349,120,10,,32,relic_fragment,flat,1856,,,,,,,,
relic,49,DEFENSE,1241605,120,10,,32,relic_fragment,flat,1967,,,,,,,,
relic,50,DEFENSE,1440262,120,10,,32,relic_fragment,flat,2085,,,,,,,,
relic,51,DEFENSE,1670704,120,10,,32,relic_fragment,flat,2210,,,,,,,,
relic,52,DEFENSE,1938016,120,10,,32,relic_fragment,flat,2343,,,,,,,,
relic,53,DEFENSE,2248099,120,10,,32,relic_fragment,flat,2484,,,,,,,,
relic,54,DEFENSE,2607795,120,10,,32,relic_fragment,flat,2633,,,,,,,,
relic,55,DEFENSE,3025042,120,11,,32,relic_fragment,flat,2791,,,,,,,,
relic,56,DEFENSE,3509049,120,11,,32,relic_fragment,flat,2958,,,,,,,,
relic,57,DEFENSE,4070497,120,11,,32,relic_fragment,flat,3136,,,,,,,,
relic,58,DEFENSE,4721776,120,11,,32,relic_fragment,flat,3324,,,,,,,,
relic,59,DEFENSE,5477260,120,11,,32,relic_fragment,flat,3523,,,,,,,,
relic,60,DEFENSE,6353622,120,11,,32,relic_fragment,flat,3734,,,,,,,,
relic,61,DEFENSE,7370201,120,11,,32,relic_fragment,flat,3959,,,,,,,,
relic,62,DEFENSE,8549434,120,11,,32,relic_fragment,flat,4196,,,,,,,,
relic,63,DEFENSE,9917343,120,11,,32,relic_fragment,flat,4448,,,,,,,,
relic,64,DEFENSE,11504118,120,11,,32,relic_fragment,flat,4715,,,,,,,,
relic,65,DEFENSE,13344777,120,12,,32,relic_fragment,flat,4998,,,,,,,,
relic,66,DEFENSE,15479941,120,12,,32,relic_fragment,flat,5297,,,,,,,,
relic,67,DEFENSE,17956732,120,12,,32,relic_fragment,flat,5615,,,,,,,,
relic,68,DEFENSE,20829809,120,12,,32,relic_fragment,flat,5952,,,,,,,,
relic,69,DEFENSE,24162578,120,12,,32,relic_fragment,flat,6309,,,,,,,,
relic,70,DEFENSE,28028590,120,12,,32,relic_fragment,flat,6688,,,,,,,,
relic,71,DEFENSE,32513165,120,12,,32,relic_fragment,flat,7089,,,,,,,,
relic,72,DEFENSE,37715271,120,12,,32,relic_fragment,flat,7514,,,,,,,,
relic,73,DEFENSE,43749715,120,12,,32,relic_fragment,flat,7965,,,,,,,,
relic,74,DEFENSE,50749669,120,12,,32,relic_fragment,flat,8443,,,,,,,,
relic,75,DEFENSE,58869616,120,13,,32,relic_fragment,flat,8950,,,,,,,,
relic,76,DEFENSE,68288755,120,13,,32,relic_fragment,flat,9487,,,,,,,,
relic,77,DEFENSE,79214955,120,13,,32,relic_fragment,flat,10056,,,,,,,,
relic,78,DEFENSE,91889348,120,13,,32,relic_fragment,flat,10659,,,,,,,,
relic,79,DEFENSE,106591644,120,13,,32,relic_fragment,flat,11299,,,,,,,,
relic,80,DEFENSE,123646307,120,13,,32,relic_fragment,flat,11977,,,,,,,,
relic,81,DEFENSE,143429716,120,13,,32,relic_fragment,flat,12696,,,,,,,,
relic,82,DEFENSE,166378470,120,13,,32,relic_fragment,flat,13457,,,,,,,,
relic,83,DEFENSE,192999026,120,13,,32,relic_fragment,flat,14265,,,,,,,,
relic,84,DEFENSE,223878870,120,13,,32,relic_fragment,flat,15121,,,,,,,,
relic,85,DEFENSE,259699489,120,14,,32,relic_fragment,flat,16028,,,,,,,,
relic,86,DEFENSE,301251407,120,14,,32,relic_fragment,flat,16989,,,,,,,,
relic,87,DEFENSE,349451632,120,14,,32,relic_fragment,flat,18009,,,,,,,,
relic,88,DEFENSE,405363894,120,14,,32,relic_fragment,flat,19089,,,,,,,,
relic,89,DEFENSE,470222117,120,14,,32,relic_fragment,flat,20235,,,,,,,,
relic,90,DEFENSE,545457655,120,14,,32,relic_fragment,flat,21449,,,,,,,,
relic,91,DEFENSE,632730880,120,14,,32,relic_fragment,flat,22736,,,,,,,,
relic,92,DEFENSE,733967821,120,14,,32,relic_fragment,flat,24100,,,,,,,,
relic,93,DEFENSE,851402672,120,14,,32,relic_fragment,flat,25546,,,,,,,,
relic,94,DEFENSE,987627100,120,14,,32,relic_fragment,flat,27079,,,,,,,,
relic,95,DEFENSE,1145647436,120,15,,32,relic_fragment,flat,28703,,,,,,,,
relic,96,DEFENSE,1328951025,120,15,,32,relic_fragment,flat,30426,,,,,,,,
relic,97,DEFENSE,1541583189,120,15,,32,relic_fragment,flat,32251,,,,,,,,
relic,98,DEFENSE,1788236500,120,15,,32,relic_fragment,flat,34186,,,,,,,,
relic,99,DEFENSE,2074354340,120,15,,32,relic_fragment,flat,36237,,,,,,,,
relic,100,DEFENSE,2406251034,120,15,,32,relic_fragment,flat,38412,,,,,,,,
relic,101,DEFENSE,2791251199,120,15,,32,relic_fragment,flat,40716,,,,,,,,
relic,102,DEFENSE,3237851391,120,15,,32,relic_fragment,flat,43159,,,,,,,,
relic,103,DEFENSE,3755907614,120,15,,32,relic_fragment,flat,45749,,,,,,,,
relic,104,DEFENSE,4356852832,120,15,,32,relic_fragment,flat,48494,,,,,,,,
relic,105,DEFENSE,5053949285,120,16,,32,relic_fragment,flat,51403,,,,,,,,
relic,106,DEFENSE,5862581171,120,16,,32,relic_fragment,flat,54488,,,,,,,,
relic,107,DEFENSE,6800594158,120,16,,32,relic_fragment,flat,57757,,,,,,,,
relic,108,DEFENSE,7888689224,120,16,,32,relic_fragment,flat,61222,,,,,,,,
relic,109,DEFENSE,9150879499,120,16,,32,relic_fragment,flat,64896,,,,,,,,
relic,110,DEFENSE,10615020219,120,16,,32,relic_fragment,flat,68789,,,,,,,,
relic,111,DEFENSE,12313423454,120,16,,32,relic_fragment,flat,72917,,,,,,,,
relic,112,DEFENSE,14283571207,120,16,,32,relic_fragment,flat,77292,,,,,,,,
relic,113,DEFENSE,16568942600,120,16,,32,relic_fragment,flat,81929,,,,,,,,
relic,114,DEFENSE,19219973416,120,16,,32,relic_fragment,flat,86845,,,,,,,,
relic,115,DEFENSE,22295169163,120,17,,32,relic_fragment,flat,92056,,,,,,,,
relic,116,DEFENSE,25862396229,120,17,,32,relic_fragment,flat,97579,,,,,,,,
relic,117,DEFENSE,30000379625,120,17,,32,relic_fragment,flat,103434,,,,,,,,
relic,118,DEFENSE,34800440365,120,17,,32,relic_fragment,flat,109640,,,,,,,,
relic,119,DEFENSE,40368510824,120,17,,32,relic_fragment,flat,116218,,,,,,,,
relic,120,DEFENSE,46827472555,120,17,,32,relic_fragment,flat,123191,,,,,,,,
relic,121,DEFENSE,54319868164,120,17,,32,relic_fragment,flat,130583,,,,,,,,
relic,122,DEFENSE,63011047071,120,17,,32,relic_fragment,flat,138417,,,,,,,,
relic,123,DEFENSE,73092814602,120,17,,32,relic_fragment,flat,146723,,,,,,,,
relic,124,DEFENSE,84787664938,120,17,,32,relic_fragment,flat,155526,,,,,,,,
relic,125,DEFENSE,98353691328,120,18,,32,relic_fragment,flat,164857,,,,,,,,
relic,126,DEFENSE,"1,14E+15",120,18,,32,relic_fragment,flat,174749,,,,,,,,
relic,127,DEFENSE,"1,32E+16",120,18,,32,relic_fragment,flat,185234,,,,,,,,
relic,128,DEFENSE,"1,54E+15",120,18,,32,relic_fragment,flat,196348,,,,,,,,
relic,129,DEFENSE,"1,78E+16",120,18,,32,relic_fragment,flat,208129,,,,,,,,
relic,130,DEFENSE,"2,07E+16",120,18,,32,relic_fragment,flat,220616,,,,,,,,
relic,131,DEFENSE,"2,40E+16",120,18,,32,relic_fragment,flat,233853,,,,,,,,
relic,132,DEFENSE,"2,78E+16",120,18,,32,relic_fragment,flat,247885,,,,,,,,
relic,133,DEFENSE,"3,22E+16",120,18,,32,relic_fragment,flat,262758,,,,,,,,
relic,134,DEFENSE,"3,74E+16",120,18,,32,relic_fragment,flat,278523,,,,,,,,
relic,135,DEFENSE,"4,34E+16",120,19,,32,relic_fragment,flat,295235,,,,,,,,
relic,136,DEFENSE,"5,03E+16",120,19,,32,relic_fragment,flat,312949,,,,,,,,
relic,137,DEFENSE,"5,84E+15",120,19,,32,relic_fragment,flat,331726,,,,,,,,
relic,138,DEFENSE,"6,77E+16",120,19,,32,relic_fragment,flat,351629,,,,,,,,
relic,139,DEFENSE,"7,86E+16",120,19,,32,relic_fragment,flat,372727,,,,,,,,
relic,140,DEFENSE,"9,11E+16",120,19,,32,relic_fragment,flat,395090,,,,,,,,
relic,141,DEFENSE,"1,06E+17",120,19,,32,relic_fragment,flat,418796,,,,,,,,
relic,142,DEFENSE,"1,23E+17",120,19,,32,relic_fragment,flat,443924,,,,,,,,
relic,143,DEFENSE,"1,42E+17",120,19,,32,relic_fragment,flat,470559,,,,,,,,
relic,144,DEFENSE,"1,65E+17",120,19,,32,relic_fragment,flat,498793,,,,,,,,
relic,145,DEFENSE,"1,91E+17",120,20,,32,relic_fragment,flat,528720,,,,,,,,
relic,146,DEFENSE,"2,22E+17",120,20,,32,relic_fragment,flat,560443,,,,,,,,
relic,147,DEFENSE,"2,58E+17",120,20,,32,relic_fragment,flat,594070,,,,,,,,
relic,148,DEFENSE,"2,99E+17",120,20,,32,relic_fragment,flat,629714,,,,,,,,
relic,149,DEFENSE,"3,47E+17",120,20,,32,relic_fragment,flat,667497,,,,,,,,
relic,150,DEFENSE,"4,02E+17",120,20,,32,relic_fragment,flat,707547,,,,,,,,
awakening,1,DPS,2000,60,,100000,42,awakening_fruit,flat,90,,,,,,,,
awakening,2,DPS,2360,60,,117000,42,awakening_fruit,flat,95,,,,,,,,
awakening,3,DPS,2785,60,,136890,42,awakening_fruit,flat,99,,,,,,,,
awakening,4,DPS,3286,60,,160161,42,awakening_fruit,flat,104,,,,,,,,
awakening,5,DPS,3878,60,,187389,42,awakening_fruit,flat,109,,,,,,,,
awakening,6,DPS,4576,60,,219245,42,awakening_fruit,flat,115,,,,,,,,
awakening,7,DPS,5399,60,,256516,42,awakening_fruit,flat,121,,,,,,,,
awakening,8,DPS,6371,60,,300124,42,awakening_fruit,flat,127,,,,,,,,
awakening,9,DPS,7518,60,,351145,42,awakening_fruit,flat,133,,,,,,,,
awakening,10,DPS,8871,60,,410840,42,awakening_fruit,flat,140,,,,,,,,
awakening,11,DPS,10468,60,,480683,42,awakening_fruit,flat,147,,,,,,,,
awakening,12,DPS,12352,60,,562399,42,awakening_fruit,flat,154,,,,,,,,
awakening,13,DPS,14575,60,,658007,42,awakening_fruit,flat,162,,,,,,,,
awakening,14,DPS,17199,60,,769868,42,awakening_fruit,flat,170,,,,,,,,
awakening,15,DPS,20294,60,,900745,42,awakening_fruit,flat,178,,,,,,,,
awakening,16,DPS,23947,60,,1053872,42,awakening_fruit,flat,187,,,,,,,,
awakening,17,DPS,28258,60,,1233030,42,awakening_fruit,flat,196,,,,,,,,
awakening,18,DPS,33344,60,,1442646,42,awakening_fruit,flat,206,,,,,,,,
awakening,19,DPS,39347,60,,1687895,42,awakening_fruit,flat,217,,,,,,,,
awakening,20,DPS,46429,60,,1974838,42,awakening_fruit,flat,227,,,,,,,,
awakening,21,DPS,54786,60,,2310560,42,awakening_fruit,flat,239,,,,,,,,
awakening,22,DPS,64648,60,,2703355,42,awakening_fruit,flat,251,,,,,,,,
awakening,23,DPS,76284,60,,3162925,42,awakening_fruit,flat,263,,,,,,,,
awakening,24,DPS,90015,60,,3700623,42,awakening_fruit,flat,276,,,,,,,,
awakening,25,DPS,106218,60,,4329729,42,awakening_fruit,flat,290,,,,,,,,
awakening,26,DPS,125337,60,,5065783,42,awakening_fruit,flat,305,,,,,,,,
awakening,27,DPS,147898,60,,5926966,42,awakening_fruit,flat,320,,,,,,,,
awakening,28,DPS,174520,60,,6934550,42,awakening_fruit,flat,336,,,,,,,,
awakening,29,DPS,205933,60,,8113423,42,awakening_fruit,flat,353,,,,,,,,
awakening,30,DPS,243001,60,,9492705,42,awakening_fruit,flat,370,,,,,,,,
awakening,31,DPS,286741,60,,11106465,42,awakening_fruit,flat,389,,,,,,,,
awakening,32,DPS,338355,60,,12994564,42,awakening_fruit,flat,408,,,,,,,,
awakening,33,DPS,399259,60,,15203640,42,awakening_fruit,flat,429,,,,,,,,
awakening,34,DPS,471125,60,,17788259,42,awakening_fruit,flat,450,,,,,,,,
awakening,35,DPS,555928,60,,20812263,42,awakening_fruit,flat,473,,,,,,,,
awakening,36,DPS,655995,60,,24350347,42,awakening_fruit,flat,496,,,,,,,,
awakening,37,DPS,774074,60,,28489906,42,awakening_fruit,flat,521,,,,,,,,
awakening,38,DPS,913407,60,,33333191,42,awakening_fruit,flat,547,,,,,,,,
awakening,39,DPS,1077820,60,,38999833,42,awakening_fruit,flat,575,,,,,,,,
awakening,40,DPS,1271828,60,,45629805,42,awakening_fruit,flat,603,,,,,,,,
awakening,41,DPS,1500757,60,,53386871,42,awakening_fruit,flat,634,,,,,,,,
awakening,42,DPS,1770893,60,,62462639,42,awakening_fruit,flat,665,,,,,,,,
awakening,43,DPS,2089654,60,,73081288,42,awakening_fruit,flat,699,,,,,,,,
awakening,44,DPS,2465791,60,,85505107,42,awakening_fruit,flat,733,,,,,,,,
awakening,45,DPS,2909634,60,,100040975,42,awakening_fruit,flat,770,,,,,,,,
awakening,46,DPS,3433368,60,,117047941,42,awakening_fruit,flat,809,,,,,,,,
awakening,47,DPS,4051374,60,,136946091,42,awakening_fruit,flat,849,,,,,,,,
awakening,48,DPS,4780621,60,,160226927,42,awakening_fruit,flat,892,,,,,,,,
awakening,49,DPS,5641133,60,,187465504,42,awakening_fruit,flat,936,,,,,,,,
awakening,50,DPS,6656537,60,,219334640,42,awakening_fruit,flat,983,,,,,,,,
awakening,51,DPS,7854714,60,,256621528,42,awakening_fruit,flat,1032,,,,,,,,
awakening,52,DPS,9268562,60,,300247188,42,awakening_fruit,flat,1084,,,,,,,,
awakening,53,DPS,10936903,60,,351289210,42,awakening_fruit,flat,1138,,,,,,,,
awakening,54,DPS,12905546,60,,411008376,42,awakening_fruit,flat,1195,,,,,,,,
awakening,55,DPS,15228544,60,,480879800,42,awakening_fruit,flat,1254,,,,,,,,
awakening,56,DPS,17969682,60,,562629366,42,awakening_fruit,flat,1317,,,,,,,,
awakening,57,DPS,21204225,60,,658276358,42,awakening_fruit,flat,1383,,,,,,,,
awakening,58,DPS,25020986,60,,770183339,42,awakening_fruit,flat,1452,,,,,,,,
awakening,59,DPS,29524763,60,,901114507,42,awakening_fruit,flat,1525,,,,,,,,
awakening,60,DPS,34839220,60,,1054303973,42,awakening_fruit,flat,1601,,,,,,,,
awakening,61,DPS,41110280,60,,1233535648,42,awakening_fruit,flat,1681,,,,,,,,
awakening,62,DPS,48510130,60,,1443236708,42,awakening_fruit,flat,1765,,,,,,,,
awakening,63,DPS,57241954,60,,1688586949,42,awakening_fruit,flat,1853,,,,,,,,
awakening,64,DPS,67545505,60,,1975646730,42,awakening_fruit,flat,1946,,,,,,,,
awakening,65,DPS,79703696,60,,2311506674,42,awakening_fruit,flat,2043,,,,,,,,
awakening,66,DPS,94050362,60,,2704462809,42,awakening_fruit,flat,2146,,,,,,,,
awakening,67,DPS,110979427,60,,3164221486,42,awakening_fruit,flat,2253,,,,,,,,
awakening,68,DPS,130955724,60,,3702139139,42,awakening_fruit,flat,2366,,,,,,,,
awakening,69,DPS,154527754,60,,4331502793,42,awakening_fruit,flat,2484,,,,,,,,
awakening,70,DPS,182342750,60,,5067858267,42,awakening_fruit,flat,2608,,,,,,,,
awakening,71,DPS,215164445,60,,5929394173,42,awakening_fruit,flat,2738,,,,,,,,
awakening,72,DPS,253894045,60,,6937391182,42,awakening_fruit,flat,2875,,,,,,,,
awakening,73,DPS,299594973,60,,8116747683,42,awakening_fruit,flat,3019,,,,,,,,
awakening,74,DPS,353522068,60,,9496594789,42,awakening_fruit,flat,3170,,,,,,,,
awakening,75,DPS,417156040,60,,11111015904,42,awakening_fruit,flat,3329,,,,,,,,
awakening,76,DPS,492244127,60,,12999888607,42,awakening_fruit,flat,3495,,,,,,,,
awakening,77,DPS,580848070,60,,15209869670,42,awakening_fruit,flat,3670,,,,,,,,
awakening,78,DPS,685400723,60,,17795547514,42,awakening_fruit,flat,3853,,,,,,,,
awakening,79,DPS,808772853,60,,20820790592,42,awakening_fruit,flat,4046,,,,,,,,
awakening,80,DPS,954351967,60,,24360324992,42,awakening_fruit,flat,4248,,,,,,,,
awakening,81,DPS,1126135321,60,,28501580241,42,awakening_fruit,flat,4461,,,,,,,,
awakening,82,DPS,1328839679,60,,33346848882,42,awakening_fruit,flat,4684,,,,,,,,
awakening,83,DPS,1568030821,60,,39015813192,42,awakening_fruit,flat,4918,,,,,,,,
awakening,84,DPS,1850276368,60,,45648501435,42,awakening_fruit,flat,5164,,,,,,,,
awakening,85,DPS,2183326115,60,,53408746679,42,awakening_fruit,flat,5422,,,,,,,,
awakening,86,DPS,2576324815,60,,62488233614,42,awakening_fruit,flat,5693,,,,,,,,
awakening,87,DPS,3040063282,60,,73111233329,42,awakening_fruit,flat,5978,,,,,,,,
awakening,88,DPS,3587274673,60,,85540142994,42,awakening_fruit,flat,6276,,,,,,,,
awakening,89,DPS,4232984114,60,,"1,00E+16",42,awakening_fruit,flat,6590,,,,,,,,
awakening,90,DPS,4994921254,60,,"1,17E+16",42,awakening_fruit,flat,6920,,,,,,,,
awakening,91,DPS,5894007080,60,,"1,37E+16",42,awakening_fruit,flat,7266,,,,,,,,
awakening,92,DPS,6954928355,60,,"1,60E+16",42,awakening_fruit,flat,7629,,,,,,,,
awakening,93,DPS,8206815459,60,,"1,88E+16",42,awakening_fruit,flat,8010,,,,,,,,
awakening,94,DPS,9684042241,60,,"2,19E+16",42,awakening_fruit,flat,8411,,,,,,,,
awakening,95,DPS,11427169844,60,,"2,57E+16",42,awakening_fruit,flat,8832,,,,,,,,
awakening,96,DPS,13484060416,60,,"3,00E+15",42,awakening_fruit,flat,9273,,,,,,,,
awakening,97,DPS,15911191291,60,,"3,51E+16",42,awakening_fruit,flat,9737,,,,,,,,
awakening,98,DPS,18775205724,60,,"4,11E+16",42,awakening_fruit,flat,10224,,,,,,,,
awakening,99,DPS,22154742754,60,,"4,81E+16",42,awakening_fruit,flat,10735,,,,,,,,
awakening,100,DPS,26142596450,60,,"5,63E+15",42,awakening_fruit,flat,11272,,,,,,,,
awakening,101,DPS,30848263811,60,,"6,59E+16",42,awakening_fruit,flat,11835,,,,,,,,
awakening,102,DPS,36400951297,60,,"7,70E+16",42,awakening_fruit,flat,12427,,,,,,,,
awakening,103,DPS,42953122530,60,,"9,01E+16",42,awakening_fruit,flat,13048,,,,,,,,
awakening,104,DPS,50684684586,60,,"1,05E+17",42,awakening_fruit,flat,13701,,,,,,,,
awakening,105,DPS,59807927811,60,,"1,23E+17",42,awakening_fruit,flat,14386,,,,,,,,
awakening,106,DPS,70573354817,60,,"1,44E+17",42,awakening_fruit,flat,15105,,,,,,,,
awakening,107,DPS,83276558684,60,,"1,69E+17",42,awakening_fruit,flat,15860,,,,,,,,
awakening,108,DPS,98266339247,60,,"1,98E+17",42,awakening_fruit,flat,16653,,,,,,,,
awakening,109,DPS,"1,16E+16",60,,"2,31E+17",42,awakening_fruit,flat,17486,,,,,,,,
awakening,110,DPS,"1,37E+16",60,,"2,71E+17",42,awakening_fruit,flat,18360,,,,,,,,
awakening,111,DPS,"1,61E+16",60,,"3,17E+17",42,awakening_fruit,flat,19278,,,,,,,,
awakening,112,DPS,"1,91E+16",60,,"3,70E+17",42,awakening_fruit,flat,20242,,,,,,,,
awakening,113,DPS,"2,25E+15",60,,"4,33E+17",42,awakening_fruit,flat,21254,,,,,,,,
awakening,114,DPS,"2,65E+16",60,,"5,07E+17",42,awakening_fruit,flat,22317,,,,,,,,
awakening,115,DPS,"3,13E+16",60,,"5,93E+17",42,awakening_fruit,flat,23433,,,,,,,,
awakening,116,DPS,"3,69E+16",60,,"6,94E+17",42,awakening_fruit,flat,24604,,,,,,,,
awakening,117,DPS,"4,36E+16",60,,"8,12E+17",42,awakening_fruit,flat,25835,,,,,,,,
awakening,118,DPS,"5,14E+15",60,,"9,50E+17",42,awakening_fruit,flat,27126,,,,,,,,
awakening,119,DPS,"6,07E+16",60,,"1,11E+18",42,awakening_fruit,flat,28483,,,,,,,,
awakening,120,DPS,"7,16E+16",60,,"1,30E+18",42,awakening_fruit,flat,29907,,,,,,,,
awakening,121,DPS,"8,45E+16",60,,"1,52E+18",42,awakening_fruit,flat,31402,,,,,,,,
awakening,122,DPS,"9,97E+16",60,,"1,78E+18",42,awakening_fruit,flat,32972,,,,,,,,
awakening,123,DPS,"1,18E+17",60,,"2,08E+18",42,awakening_fruit,flat,34621,,,,,,,,
awakening,124,DPS,"1,39E+17",60,,"2,44E+18",42,awakening_fruit,flat,36352,,,,,,,,
awakening,125,DPS,"1,64E+17",60,,"2,85E+18",42,awakening_fruit,flat,38169,,,,,,,,
awakening,126,DPS,"1,93E+17",60,,"3,34E+18",42,awakening_fruit,flat,40078,,,,,,,,
awakening,127,DPS,"2,28E+16",60,,"3,90E+18",42,awakening_fruit,flat,42082,,,,,,,,
awakening,128,DPS,"2,69E+17",60,,"4,57E+18",42,awakening_fruit,flat,44186,,,,,,,,
awakening,129,DPS,"3,18E+17",60,,"5,34E+18",42,awakening_fruit,flat,46395,,,,,,,,
awakening,130,DPS,"3,75E+17",60,,"6,25E+18",42,awakening_fruit,flat,48715,,,,,,,,
awakening,131,DPS,"4,42E+17",60,,"7,31E+18",42,awakening_fruit,flat,51151,,,,,,,,
awakening,132,DPS,"5,22E+17",60,,"8,56E+18",42,awakening_fruit,flat,53708,,,,,,,,
awakening,133,DPS,"6,16E+17",60,,"1,00E+19",42,awakening_fruit,flat,56394,,,,,,,,
awakening,134,DPS,"7,27E+16",60,,"1,17E+19",42,awakening_fruit,flat,59213,,,,,,,,
awakening,135,DPS,"8,57E+16",60,,"1,37E+19",42,awakening_fruit,flat,62174,,,,,,,,
awakening,136,DPS,"1,01E+18",60,,"1,60E+19",42,awakening_fruit,flat,65283,,,,,,,,
awakening,137,DPS,"1,19E+18",60,,"1,88E+19",42,awakening_fruit,flat,68547,,,,,,,,
awakening,138,DPS,"1,41E+18",60,,"2,20E+19",42,awakening_fruit,flat,71974,,,,,,,,
awakening,139,DPS,"1,66E+18",60,,"2,57E+19",42,awakening_fruit,flat,75573,,,,,,,,
awakening,140,DPS,"1,96E+18",60,,"3,00E+19",42,awakening_fruit,flat,79351,,,,,,,,
awakening,141,DPS,"2,31E+18",60,,"3,52E+19",42,awakening_fruit,flat,83319,,,,,,,,
awakening,142,DPS,"2,73E+18",60,,"4,11E+19",42,awakening_fruit,flat,87485,,,,,,,,
awakening,143,DPS,"3,22E+18",60,,"4,81E+19",42,awakening_fruit,flat,91859,,,,,,,,
awakening,144,DPS,"3,80E+18",60,,"5,63E+19",42,awakening_fruit,flat,96452,,,,,,,,
awakening,145,DPS,"4,49E+18",60,,"6,59E+19",42,awakening_fruit,flat,101275,,,,,,,,
awakening,146,DPS,"5,30E+18",60,,"7,71E+19",42,awakening_fruit,flat,106339,,,,,,,,
awakening,147,DPS,"6,25E+18",60,,"9,02E+19",42,awakening_fruit,flat,111656,,,,,,,,
awakening,148,DPS,"7,37E+18",60,,"1,06E+20",42,awakening_fruit,flat,117238,,,,,,,,
awakening,149,DPS,"8,70E+18",60,,"1,23E+20",42,awakening_fruit,flat,123100,,,,,,,,
awakening,150,DPS,"1,03E+19",60,,"1,44E+20",42,awakening_fruit,flat,129255,,,,,,,,
awakening,151,DPS,"1,21E+19",60,,"1,69E+20",42,awakening_fruit,flat,135718,,,,,,,,
awakening,152,DPS,"1,43E+18",60,,"1,98E+20",42,awakening_fruit,flat,142504,,,,,,,,
awakening,153,DPS,"1,69E+19",60,,"2,31E+19",42,awakening_fruit,flat,149629,,,,,,,,
awakening,154,DPS,"1,99E+19",60,,"2,71E+20",42,awakening_fruit,flat,157111,,,,,,,,
awakening,155,DPS,"2,35E+19",60,,"3,17E+20",42,awakening_fruit,flat,164966,,,,,,,,
awakening,156,DPS,"2,77E+19",60,,"3,71E+20",42,awakening_fruit,flat,173214,,,,,,,,
awakening,157,DPS,"3,27E+19",60,,"4,34E+20",42,awakening_fruit,flat,181875,,,,,,,,
awakening,158,DPS,"3,86E+19",60,,"5,07E+20",42,awakening_fruit,flat,190969,,,,,,,,
awakening,159,DPS,"4,55E+19",60,,"5,93E+20",42,awakening_fruit,flat,200517,,,,,,,,
awakening,160,DPS,"5,37E+19",60,,"6,94E+20",42,awakening_fruit,flat,210543,,,,,,,,
awakening,161,DPS,"6,34E+18",60,,"8,12E+19",42,awakening_fruit,flat,221070,,,,,,,,
awakening,162,DPS,"7,48E+19",60,,"9,50E+20",42,awakening_fruit,flat,232124,,,,,,,,
awakening,163,DPS,"8,83E+19",60,,"1,11E+21",42,awakening_fruit,flat,243730,,,,,,,,
awakening,164,DPS,"1,04E+20",60,,"1,30E+21",42,awakening_fruit,flat,255916,,,,,,,,
awakening,165,DPS,"1,23E+20",60,,"1,52E+21",42,awakening_fruit,flat,268712,,,,,,,,
awakening,166,DPS,"1,45E+20",60,,"1,78E+21",42,awakening_fruit,flat,282148,,,,,,,,
awakening,167,DPS,"1,71E+20",60,,"2,08E+21",42,awakening_fruit,flat,296255,,,,,,,,
awakening,168,DPS,"2,02E+20",60,,"2,44E+21",42,awakening_fruit,flat,311068,,,,,,,,
awakening,169,DPS,"2,38E+20",60,,"2,85E+21",42,awakening_fruit,flat,326621,,,,,,,,
awakening,170,DPS,"2,81E+20",60,,"3,34E+21",42,awakening_fruit,flat,342953,,,,,,,,
awakening,171,DPS,"3,32E+20",60,,"3,90E+21",42,awakening_fruit,flat,360100,,,,,,,,
awakening,172,DPS,"3,92E+19",60,,"4,57E+21",42,awakening_fruit,flat,378105,,,,,,,,
awakening,173,DPS,"4,62E+20",60,,"5,35E+21",42,awakening_fruit,flat,397010,,,,,,,,
awakening,174,DPS,"5,45E+20",60,,"6,25E+21",42,awakening_fruit,flat,416861,,,,,,,,
awakening,175,DPS,"6,43E+20",60,,"7,32E+21",42,awakening_fruit,flat,437704,,,,,,,,
awakening,176,DPS,"7,59E+20",60,,"8,56E+21",42,awakening_fruit,flat,459589,,,,,,,,
awakening,177,DPS,"8,96E+20",60,,"1,00E+22",42,awakening_fruit,flat,482569,,,,,,,,
awakening,178,DPS,"1,06E+21",60,,"1,17E+22",42,awakening_fruit,flat,506697,,,,,,,,
awakening,179,DPS,"1,25E+21",60,,"1,37E+22",42,awakening_fruit,flat,532032,,,,,,,,
awakening,180,DPS,"1,47E+21",60,,"1,60E+22",42,awakening_fruit,flat,558634,,,,,,,,
awakening,181,DPS,"1,74E+21",60,,"1,88E+22",42,awakening_fruit,flat,586565,,,,,,,,
awakening,182,DPS,"2,05E+21",60,,"2,20E+22",42,awakening_fruit,flat,615894,,,,,,,,
awakening,183,DPS,"2,42E+21",60,,"2,57E+22",42,awakening_fruit,flat,646688,,,,,,,,
awakening,184,DPS,"2,85E+21",60,,"3,01E+22",42,awakening_fruit,flat,679023,,,,,,,,
awakening,185,DPS,"3,37E+21",60,,"3,52E+22",42,awakening_fruit,flat,712974,,,,,,,,
awakening,186,DPS,"3,97E+21",60,,"4,12E+22",42,awakening_fruit,flat,748622,,,,,,,,
awakening,187,DPS,"4,69E+21",60,,"4,81E+22",42,awakening_fruit,flat,786054,,,,,,,,
awakening,188,DPS,"5,53E+21",60,,"5,63E+22",42,awakening_fruit,flat,825356,,,,,,,,
awakening,189,DPS,"6,53E+21",60,,"6,59E+22",42,awakening_fruit,flat,866624,,,,,,,,
awakening,190,DPS,"7,70E+21",60,,"7,71E+21",42,awakening_fruit,flat,909955,,,,,,,,
awakening,191,DPS,"9,09E+21",60,,"9,02E+22",42,awakening_fruit,flat,955453,,,,,,,,
awakening,192,DPS,"1,07E+22",60,,"1,06E+22",42,awakening_fruit,flat,1003226,,,,,,,,
awakening,193,DPS,"1,27E+22",60,,"1,24E+23",42,awakening_fruit,flat,1053387,,,,,,,,
awakening,194,DPS,"1,49E+22",60,,"1,45E+23",42,awakening_fruit,flat,1106056,,,,,,,,
awakening,195,DPS,"1,76E+22",60,,"1,69E+23",42,awakening_fruit,flat,1161359,,,,,,,,
awakening,196,DPS,"2,08E+21",60,,"1,98E+23",42,awakening_fruit,flat,1219427,,,,,,,,
awakening,197,DPS,"2,45E+22",60,,"2,31E+23",42,awakening_fruit,flat,1280398,,,,,,,,
awakening,198,DPS,"2,90E+22",60,,"2,71E+23",42,awakening_fruit,flat,1344418,,,,,,,,
awakening,199,DPS,"3,42E+22",60,,"3,17E+23",42,awakening_fruit,flat,1411639,,,,,,,,
awakening,200,DPS,"4,03E+22",60,,"3,71E+23",42,awakening_fruit,flat,1482221,,,,,,,,
awakening,201,DPS,"4,76E+22",60,,"4,34E+23",42,awakening_fruit,flat,1556332,,,,,,,,
awakening,202,DPS,"5,61E+22",60,,"5,07E+23",42,awakening_fruit,flat,1634149,,,,,,,,
awakening,203,DPS,"6,63E+22",60,,"5,94E+23",42,awakening_fruit,flat,1715856,,,,,,,,
awakening,204,DPS,"7,82E+22",60,,"6,95E+23",42,awakening_fruit,flat,1801649,,,,,,,,
awakening,205,DPS,"9,22E+22",60,,"8,13E+23",42,awakening_fruit,flat,1891732,,,,,,,,
awakening,206,DPS,"1,09E+23",60,,"9,51E+23",42,awakening_fruit,flat,1986318,,,,,,,,
awakening,207,DPS,"1,28E+23",60,,"1,11E+24",42,awakening_fruit,flat,2085634,,,,,,,,
awakening,208,DPS,"1,52E+23",60,,"1,30E+24",42,awakening_fruit,flat,2189916,,,,,,,,
awakening,209,DPS,"1,79E+23",60,,"1,52E+24",42,awakening_fruit,flat,2299412,,,,,,,,
awakening,210,DPS,"2,11E+23",60,,"1,78E+24",42,awakening_fruit,flat,2414382,,,,,,,,
awakening,211,DPS,"2,49E+22",60,,"2,08E+24",42,awakening_fruit,flat,2535101,,,,,,,,
awakening,212,DPS,"2,94E+23",60,,"2,44E+24",42,awakening_fruit,flat,2661856,,,,,,,,
awakening,213,DPS,"3,47E+23",60,,"2,85E+24",42,awakening_fruit,flat,2794949,,,,,,,,
awakening,214,DPS,"4,09E+23",60,,"3,34E+24",42,awakening_fruit,flat,2934697,,,,,,,,
awakening,215,DPS,"4,83E+23",60,,"3,91E+24",42,awakening_fruit,flat,3081431,,,,,,,,
awakening,216,DPS,"5,70E+22",60,,"4,57E+24",42,awakening_fruit,flat,3235503,,,,,,,,
awakening,217,DPS,"6,72E+22",60,,"5,35E+24",42,awakening_fruit,flat,3397278,,,,,,,,
awakening,218,DPS,"7,93E+23",60,,"6,26E+24",42,awakening_fruit,flat,3567142,,,,,,,,
awakening,219,DPS,"9,36E+23",60,,"7,32E+24",42,awakening_fruit,flat,3745499,,,,,,,,
awakening,220,DPS,"1,10E+24",60,,"8,56E+24",42,awakening_fruit,flat,3932774,,,,,,,,
awakening,221,DPS,"1,30E+24",60,,"1,00E+25",42,awakening_fruit,flat,4129413,,,,,,,,
awakening,222,DPS,"1,54E+24",60,,"1,17E+24",42,awakening_fruit,flat,4335883,,,,,,,,
awakening,223,DPS,"1,81E+24",60,,"1,37E+25",42,awakening_fruit,flat,4552678,,,,,,,,
awakening,224,DPS,"2,14E+23",60,,"1,60E+24",42,awakening_fruit,flat,4780312,,,,,,,,
awakening,225,DPS,"2,53E+24",60,,"1,88E+25",42,awakening_fruit,flat,5019327,,,,,,,,
awakening,226,DPS,"2,98E+24",60,,"2,20E+25",42,awakening_fruit,flat,5270293,,,,,,,,
awakening,227,DPS,"3,52E+24",60,,"2,57E+25",42,awakening_fruit,flat,5533808,,,,,,,,
awakening,228,DPS,"4,15E+24",60,,"3,01E+24",42,awakening_fruit,flat,5810499,,,,,,,,
awakening,229,DPS,"4,90E+24",60,,"3,52E+25",42,awakening_fruit,flat,6101023,,,,,,,,
awakening,230,DPS,"5,78E+24",60,,"4,12E+25",42,awakening_fruit,flat,6406075,,,,,,,,
awakening,231,DPS,"6,82E+24",60,,"4,82E+25",42,awakening_fruit,flat,6726378,,,,,,,,
awakening,232,DPS,"8,05E+24",60,,"5,64E+25",42,awakening_fruit,flat,7062697,,,,,,,,
awakening,233,DPS,"9,50E+24",60,,"6,59E+25",42,awakening_fruit,flat,7415832,,,,,,,,
awakening,234,DPS,"1,12E+25",60,,"7,71E+25",42,awakening_fruit,flat,7786624,,,,,,,,
awakening,235,DPS,"1,32E+25",60,,"9,03E+25",42,awakening_fruit,flat,8175955,,,,,,,,
awakening,236,DPS,"1,56E+25",60,,"1,06E+26",42,awakening_fruit,flat,8584753,,,,,,,,
awakening,237,DPS,"1,84E+25",60,,"1,24E+26",42,awakening_fruit,flat,9013990,,,,,,,,
awakening,238,DPS,"2,17E+25",60,,"1,45E+25",42,awakening_fruit,flat,9464690,,,,,,,,
awakening,239,DPS,"2,56E+25",60,,"1,69E+26",42,awakening_fruit,flat,9937924,,,,,,,,
awakening,240,DPS,"3,03E+25",60,,"1,98E+26",42,awakening_fruit,flat,10434821,,,,,,,,
awakening,241,DPS,"3,57E+25",60,,"2,32E+25",42,awakening_fruit,flat,10956562,,,,,,,,
awakening,242,DPS,"4,21E+25",60,,"2,71E+25",42,awakening_fruit,flat,11504390,,,,,,,,
awakening,243,DPS,"4,97E+25",60,,"3,17E+26",42,awakening_fruit,flat,12079609,,,,,,,,
awakening,244,DPS,"5,87E+25",60,,"3,71E+26",42,awakening_fruit,flat,12683590,,,,,,,,
awakening,245,DPS,"6,92E+25",60,,"4,34E+26",42,awakening_fruit,flat,13317769,,,,,,,,
awakening,246,DPS,"8,17E+25",60,,"5,08E+26",42,awakening_fruit,flat,13983658,,,,,,,,
awakening,247,DPS,"9,64E+25",60,,"5,94E+26",42,awakening_fruit,flat,14682840,,,,,,,,
awakening,248,DPS,"1,14E+26",60,,"6,95E+26",42,awakening_fruit,flat,15416983,,,,,,,,
awakening,249,DPS,"1,34E+26",60,,"8,13E+26",42,awakening_fruit,flat,16187832,,,,,,,,
awakening,250,DPS,"1,58E+26",60,,"9,51E+26",42,awakening_fruit,flat,16997223,,,,,,,,
awakening,251,DPS,"1,87E+26",60,,"1,11E+27",42,awakening_fruit,flat,17847084,,,,,,,,
awakening,252,DPS,"2,21E+26",60,,"1,30E+27",42,awakening_fruit,flat,18739439,,,,,,,,
awakening,253,DPS,"2,60E+26",60,,"1,52E+27",42,awakening_fruit,flat,19676411,,,,,,,,
awakening,254,DPS,"3,07E+26",60,,"1,78E+27",42,awakening_fruit,flat,20660231,,,,,,,,
awakening,255,DPS,"3,62E+26",60,,"2,09E+27",42,awakening_fruit,flat,21693243,,,,,,,,
awakening,256,DPS,"4,28E+26",60,,"2,44E+27",42,awakening_fruit,flat,22777905,,,,,,,,
awakening,257,DPS,"5,04E+26",60,,"2,85E+27",42,awakening_fruit,flat,23916800,,,,,,,,
awakening,258,DPS,"5,95E+26",60,,"3,34E+27",42,awakening_fruit,flat,25112640,,,,,,,,
awakening,259,DPS,"7,02E+26",60,,"3,91E+27",42,awakening_fruit,flat,26368272,,,,,,,,
awakening,260,DPS,"8,29E+26",60,,"4,57E+27",42,awakening_fruit,flat,27686686,,,,,,,,
awakening,261,DPS,"9,78E+26",60,,"5,35E+27",42,awakening_fruit,flat,29071020,,,,,,,,
awakening,262,DPS,"1,15E+27",60,,"6,26E+27",42,awakening_fruit,flat,30524571,,,,,,,,
awakening,263,DPS,"1,36E+27",60,,"7,32E+27",42,awakening_fruit,flat,32050799,,,,,,,,
awakening,264,DPS,"1,61E+27",60,,"8,57E+27",42,awakening_fruit,flat,33653339,,,,,,,,
awakening,265,DPS,"1,90E+27",60,,"1,00E+28",42,awakening_fruit,flat,35336006,,,,,,,,
awakening,266,DPS,"2,24E+27",60,,"1,17E+28",42,awakening_fruit,flat,37102807,,,,,,,,
awakening,267,DPS,"2,64E+27",60,,"1,37E+28",42,awakening_fruit,flat,38957947,,,,,,,,
awakening,268,DPS,"3,12E+27",60,,"1,61E+28",42,awakening_fruit,flat,40905844,,,,,,,,
awakening,269,DPS,"3,68E+27",60,,"1,88E+27",42,awakening_fruit,flat,42951137,,,,,,,,
awakening,270,DPS,"4,34E+25",60,,"2,20E+28",42,awakening_fruit,flat,45098693,,,,,,,,
awakening,271,DPS,"5,12E+27",60,,"2,57E+28",42,awakening_fruit,flat,47353628,,,,,,,,
awakening,272,DPS,"6,04E+27",60,,"3,01E+28",42,awakening_fruit,flat,49721309,,,,,,,,
awakening,273,DPS,"7,13E+27",60,,"3,52E+27",42,awakening_fruit,flat,52207375,,,,,,,,
awakening,274,DPS,"8,41E+27",60,,"4,12E+28",42,awakening_fruit,flat,54817744,,,,,,,,
awakening,275,DPS,"9,92E+26",60,,"4,82E+28",42,awakening_fruit,flat,57558631,,,,,,,,
awakening,276,DPS,"1,17E+28",60,,"5,64E+28",42,awakening_fruit,flat,60436562,,,,,,,,
awakening,277,DPS,"1,38E+28",60,,"6,60E+28",42,awakening_fruit,flat,63458390,,,,,,,,
awakening,278,DPS,"1,63E+28",60,,"7,72E+28",42,awakening_fruit,flat,66631310,,,,,,,,
awakening,279,DPS,"1,92E+27",60,,"9,03E+28",42,awakening_fruit,flat,69962876,,,,,,,,
awakening,280,DPS,"2,27E+28",60,,"1,06E+29",42,awakening_fruit,flat,73461019,,,,,,,,
awakening,281,DPS,"2,68E+28",60,,"1,24E+29",42,awakening_fruit,flat,77134070,,,,,,,,
awakening,282,DPS,"3,16E+28",60,,"1,45E+28",42,awakening_fruit,flat,80990774,,,,,,,,
awakening,283,DPS,"3,73E+28",60,,"1,69E+29",42,awakening_fruit,flat,85040312,,,,,,,,
awakening,284,DPS,"4,40E+28",60,,"1,98E+28",42,awakening_fruit,flat,89292328,,,,,,,,
awakening,285,DPS,"5,19E+28",60,,"2,32E+29",42,awakening_fruit,flat,93756944,,,,,,,,
awakening,286,DPS,"6,13E+28",60,,"2,71E+29",42,awakening_fruit,flat,98444792,,,,,,,,
awakening,287,DPS,"7,23E+28",60,,"3,17E+29",42,awakening_fruit,flat,103367031,,,,,,,,
awakening,288,DPS,"8,53E+28",60,,"3,71E+29",42,awakening_fruit,flat,108535383,,,,,,,,
awakening,289,DPS,"1,01E+29",60,,"4,34E+29",42,awakening_fruit,flat,113962152,,,,,,,,
awakening,290,DPS,"1,19E+29",60,,"5,08E+29",42,awakening_fruit,flat,119660260,,,,,,,,
awakening,291,DPS,"1,40E+29",60,,"5,94E+29",42,awakening_fruit,flat,125643273,,,,,,,,
awakening,292,DPS,"1,65E+28",60,,"6,95E+29",42,awakening_fruit,flat,131925436,,,,,,,,
awakening,293,DPS,"1,95E+29",60,,"8,13E+29",42,awakening_fruit,flat,138521708,,,,,,,,
awakening,294,DPS,"2,30E+29",60,,"9,52E+29",42,awakening_fruit,flat,145447793,,,,,,,,
awakening,295,DPS,"2,72E+29",60,,"1,11E+30",42,awakening_fruit,flat,152720183,,,,,,,,
awakening,296,DPS,"3,21E+29",60,,"1,30E+30",42,awakening_fruit,flat,160356192,,,,,,,,
awakening,297,DPS,"3,79E+29",60,,"1,52E+30",42,awakening_fruit,flat,168374002,,,,,,,,
awakening,298,DPS,"4,47E+29",60,,"1,78E+29",42,awakening_fruit,flat,176792702,,,,,,,,
awakening,299,DPS,"5,27E+28",60,,"2,09E+30",42,awakening_fruit,flat,185632337,,,,,,,,
awakening,300,DPS,"6,22E+29",60,,"2,44E+30",42,awakening_fruit,flat,194913954,,,,,,,,
awakening,301,DPS,"7,34E+29",60,,"2,86E+28",42,awakening_fruit,flat,204659652,,,,,,,,
awakening,302,DPS,"8,66E+29",60,,"3,34E+30",42,awakening_fruit,flat,214892634,,,,,,,,
awakening,303,DPS,"1,02E+30",60,,"3,91E+30",42,awakening_fruit,flat,225637266,,,,,,,,
awakening,304,DPS,"1,21E+30",60,,"4,57E+30",42,awakening_fruit,flat,236919129,,,,,,,,
awakening,305,DPS,"1,42E+30",60,,"5,35E+30",42,awakening_fruit,flat,248765086,,,,,,,,
awakening,306,DPS,"1,68E+30",60,,"6,26E+30",42,awakening_fruit,flat,261203340,,,,,,,,
awakening,307,DPS,"1,98E+30",60,,"7,33E+30",42,awakening_fruit,flat,274263507,,,,,,,,
awakening,308,DPS,"2,34E+30",60,,"8,57E+30",42,awakening_fruit,flat,287976682,,,,,,,,
awakening,309,DPS,"2,76E+29",60,,"1,00E+31",42,awakening_fruit,flat,302375516,,,,,,,,
awakening,310,DPS,"3,26E+30",60,,"1,17E+31",42,awakening_fruit,flat,317494292,,,,,,,,
awakening,311,DPS,"3,84E+30",60,,"1,37E+31",42,awakening_fruit,flat,333369007,,,,,,,,
awakening,312,DPS,"4,53E+30",60,,"1,61E+31",42,awakening_fruit,flat,350037457,,,,,,,,
awakening,313,DPS,"5,35E+30",60,,"1,88E+31",42,awakening_fruit,flat,367539330,,,,,,,,
awakening,314,DPS,"6,31E+28",60,,"2,20E+31",42,awakening_fruit,flat,385916296,,,,,,,,
awakening,315,DPS,"7,45E+30",60,,"2,57E+31",42,awakening_fruit,flat,405212111,,,,,,,,
awakening,316,DPS,"8,79E+30",60,,"3,01E+31",42,awakening_fruit,flat,425472717,,,,,,,,
awakening,317,DPS,"1,04E+31",60,,"3,52E+31",42,awakening_fruit,flat,446746353,,,,,,,,
awakening,318,DPS,"1,22E+31",60,,"4,12E+30",42,awakening_fruit,flat,469083670,,,,,,,,
awakening,319,DPS,"1,44E+30",60,,"4,82E+31",42,awakening_fruit,flat,492537854,,,,,,,,
awakening,320,DPS,"1,70E+31",60,,"5,64E+31",42,awakening_fruit,flat,517164747,,,,,,,,
awakening,321,DPS,"2,01E+31",60,,"6,60E+31",42,awakening_fruit,flat,543022984,,,,,,,,
awakening,322,DPS,"2,37E+31",60,,"7,72E+31",42,awakening_fruit,flat,570174133,,,,,,,,
awakening,323,DPS,"2,80E+31",60,,"9,03E+31",42,awakening_fruit,flat,598682840,,,,,,,,
awakening,324,DPS,"3,30E+31",60,,"1,06E+31",42,awakening_fruit,flat,628616982,,,,,,,,
awakening,325,DPS,"3,90E+31",60,,"1,24E+32",42,awakening_fruit,flat,660047831,,,,,,,,
awakening,326,DPS,"4,60E+30",60,,"1,45E+32",42,awakening_fruit,flat,693050222,,,,,,,,
awakening,327,DPS,"5,43E+31",60,,"1,69E+32",42,awakening_fruit,flat,727702733,,,,,,,,
awakening,328,DPS,"6,40E+31",60,,"1,98E+32",42,awakening_fruit,flat,764087870,,,,,,,,
awakening,329,DPS,"7,56E+31",60,,"2,32E+31",42,awakening_fruit,flat,802292264,,,,,,,,
awakening,330,DPS,"8,92E+31",60,,"2,71E+32",42,awakening_fruit,flat,842406877,,,,,,,,
awakening,331,DPS,"1,05E+32",60,,"3,17E+32",42,awakening_fruit,flat,884527221,,,,,,,,
awakening,332,DPS,"1,24E+32",60,,"3,71E+32",42,awakening_fruit,flat,928753582,,,,,,,,
awakening,333,DPS,"1,47E+32",60,,"4,34E+32",42,awakening_fruit,flat,975191261,,,,,,,,
awakening,334,DPS,"1,73E+32",60,,"5,08E+32",42,awakening_fruit,flat,1023950824,,,,,,,,
awakening,335,DPS,"2,04E+32",60,,"5,94E+32",42,awakening_fruit,flat,1075148365,,,,,,,,
awakening,336,DPS,"2,41E+32",60,,"6,95E+32",42,awakening_fruit,flat,1128905783,,,,,,,,
awakening,337,DPS,"2,84E+32",60,,"8,14E+32",42,awakening_fruit,flat,1185351072,,,,,,,,
awakening,338,DPS,"3,35E+32",60,,"9,52E+32",42,awakening_fruit,flat,1244618626,,,,,,,,
awakening,339,DPS,"3,96E+32",60,,"1,11E+33",42,awakening_fruit,flat,1306849557,,,,,,,,
awakening,340,DPS,"4,67E+32",60,,"1,30E+33",42,awakening_fruit,flat,1372192035,,,,,,,,
awakening,341,DPS,"5,51E+32",60,,"1,52E+33",42,awakening_fruit,flat,1440801637,,,,,,,,
awakening,342,DPS,"6,50E+32",60,,"1,78E+33",42,awakening_fruit,flat,1512841719,,,,,,,,
awakening,343,DPS,"7,67E+31",60,,"2,09E+32",42,awakening_fruit,flat,1588483805,,,,,,,,
awakening,344,DPS,"9,05E+32",60,,"2,44E+33",42,awakening_fruit,flat,1667907995,,,,,,,,
awakening,345,DPS,"1,07E+33",60,,"2,86E+33",42,awakening_fruit,flat,1751303395,,,,,,,,
awakening,346,DPS,"1,26E+33",60,,"3,34E+33",42,awakening_fruit,flat,1838868564,,,,,,,,
awakening,347,DPS,"1,49E+33",60,,"3,91E+33",42,awakening_fruit,flat,1930811993,,,,,,,,
awakening,348,DPS,"1,75E+33",60,,"4,58E+33",42,awakening_fruit,flat,2027352592,,,,,,,,
awakening,349,DPS,"2,07E+33",60,,"5,35E+33",42,awakening_fruit,flat,2128720222,,,,,,,,
awakening,350,DPS,"2,44E+33",60,,"6,26E+32",42,awakening_fruit,flat,2235156233,,,,,,,,
awakening,351,DPS,"2,88E+33",60,,"7,33E+33",42,awakening_fruit,flat,2346914045,,,,,,,,
awakening,352,DPS,"3,40E+33",60,,"8,58E+33",42,awakening_fruit,flat,2464259747,,,,,,,,
awakening,353,DPS,"4,01E+33",60,,"1,00E+34",42,awakening_fruit,flat,2587472734,,,,,,,,
awakening,354,DPS,"4,74E+33",60,,"1,17E+34",42,awakening_fruit,flat,2716846371,,,,,,,,
awakening,355,DPS,"5,59E+33",60,,"1,37E+34",42,awakening_fruit,flat,2852688689,,,,,,,,
awakening,356,DPS,"6,59E+32",60,,"1,61E+34",42,awakening_fruit,flat,2995323124,,,,,,,,
awakening,357,DPS,"7,78E+33",60,,"1,88E+34",42,awakening_fruit,flat,3145089280,,,,,,,,
awakening,358,DPS,"9,18E+33",60,,"2,20E+34",42,awakening_fruit,flat,3302343744,,,,,,,,
awakening,359,DPS,"1,08E+33",60,,"2,57E+34",42,awakening_fruit,flat,3467460931,,,,,,,,
awakening,360,DPS,"1,28E+34",60,,"3,01E+34",42,awakening_fruit,flat,3640833978,,,,,,,,
awakening,361,DPS,"1,51E+34",60,,"3,52E+34",42,awakening_fruit,flat,3822875677,,,,,,,,
awakening,362,DPS,"1,78E+34",60,,"4,12E+34",42,awakening_fruit,flat,4014019461,,,,,,,,
awakening,363,DPS,"2,10E+34",60,,"4,82E+34",42,awakening_fruit,flat,4214720434,,,,,,,,
awakening,364,DPS,"2,48E+34",60,,"5,64E+34",42,awakening_fruit,flat,4425456455,,,,,,,,
awakening,365,DPS,"2,92E+33",60,,"6,60E+34",42,awakening_fruit,flat,4646729278,,,,,,,,
awakening,366,DPS,"3,45E+34",60,,"7,72E+34",42,awakening_fruit,flat,4879065742,,,,,,,,
awakening,367,DPS,"4,07E+34",60,,"9,04E+34",42,awakening_fruit,flat,5123019029,,,,,,,,
awakening,368,DPS,"4,81E+34",60,,"1,06E+35",42,awakening_fruit,flat,5379169981,,,,,,,,
awakening,369,DPS,"5,67E+34",60,,"1,24E+35",42,awakening_fruit,flat,5648128480,,,,,,,,
awakening,370,DPS,"6,69E+34",60,,"1,45E+35",42,awakening_fruit,flat,5930534904,,,,,,,,
awakening,371,DPS,"7,90E+34",60,,"1,69E+35",42,awakening_fruit,flat,6227061649,,,,,,,,
awakening,372,DPS,"9,32E+34",60,,"1,98E+35",42,awakening_fruit,flat,6538414731,,,,,,,,
awakening,373,DPS,"1,10E+35",60,,"2,32E+35",42,awakening_fruit,flat,6865335468,,,,,,,,
awakening,374,DPS,"1,30E+35",60,,"2,71E+35",42,awakening_fruit,flat,7208602241,,,,,,,,
awakening,375,DPS,"1,53E+35",60,,"3,17E+35",42,awakening_fruit,flat,7569032353,,,,,,,,
awakening,376,DPS,"1,81E+35",60,,"3,71E+35",42,awakening_fruit,flat,7947483971,,,,,,,,
awakening,377,DPS,"2,13E+34",60,,"4,34E+35",42,awakening_fruit,flat,8344858169,,,,,,,,
awakening,378,DPS,"2,52E+35",60,,"5,08E+35",42,awakening_fruit,flat,8762101078,,,,,,,,
awakening,379,DPS,"2,97E+35",60,,"5,95E+35",42,awakening_fruit,flat,9200206132,,,,,,,,
awakening,380,DPS,"3,50E+35",60,,"6,96E+35",42,awakening_fruit,flat,9660216438,,,,,,,,
awakening,381,DPS,"4,13E+35",60,,"8,14E+35",42,awakening_fruit,flat,10143227260,,,,,,,,
awakening,382,DPS,"4,88E+35",60,,"9,52E+35",42,awakening_fruit,flat,10650388623,,,,,,,,
awakening,383,DPS,"5,75E+35",60,,"1,11E+36",42,awakening_fruit,flat,11182908054,,,,,,,,
awakening,384,DPS,"6,79E+35",60,,"1,30E+36",42,awakening_fruit,flat,11742053457,,,,,,,,
awakening,385,DPS,"8,01E+35",60,,"1,53E+36",42,awakening_fruit,flat,12329156130,,,,,,,,
awakening,386,DPS,"9,45E+35",60,,"1,78E+36",42,awakening_fruit,flat,12945613937,,,,,,,,
awakening,387,DPS,"1,12E+36",60,,"2,09E+36",42,awakening_fruit,flat,13592894633,,,,,,,,
awakening,388,DPS,"1,32E+36",60,,"2,44E+36",42,awakening_fruit,flat,14272539365,,,,,,,,
awakening,389,DPS,"1,55E+36",60,,"2,86E+36",42,awakening_fruit,flat,14986166333,,,,,,,,
awakening,390,DPS,"1,83E+36",60,,"3,34E+36",42,awakening_fruit,flat,15735474650,,,,,,,,
awakening,391,DPS,"2,16E+36",60,,"3,91E+36",42,awakening_fruit,flat,16522248382,,,,,,,,
awakening,392,DPS,"2,55E+36",60,,"4,58E+36",42,awakening_fruit,flat,17348360802,,,,,,,,
awakening,393,DPS,"3,01E+36",60,,"5,36E+36",42,awakening_fruit,flat,18215778842,,,,,,,,
awakening,394,DPS,"3,55E+36",60,,"6,27E+36",42,awakening_fruit,flat,19126567784,,,,,,,,
awakening,395,DPS,"4,19E+36",60,,"7,33E+36",42,awakening_fruit,flat,20082896173,,,,,,,,
awakening,396,DPS,"4,95E+36",60,,"8,58E+36",42,awakening_fruit,flat,21087040982,,,,,,,,
awakening,397,DPS,"5,84E+36",60,,"1,00E+37",42,awakening_fruit,flat,22141393031,,,,,,,,
awakening,398,DPS,"6,89E+36",60,,"1,17E+37",42,awakening_fruit,flat,23248462682,,,,,,,,
awakening,399,DPS,"8,13E+36",60,,"1,37E+37",42,awakening_fruit,flat,24410885816,,,,,,,,
awakening,400,DPS,"9,59E+36",60,,"1,61E+37",42,awakening_fruit,flat,25631430107,,,,,,,,